id,naam,lowershort,uppershort,type,route,afbeelding,door,capaciteit,stad,lat,lon,adress,
1,GMELL.0.002 - Foyer,gmell0002,GMELL0002,,metteenals je de deur binnen gaat,-,hansdeboeck,1,Melle,0,0,Campus Melle,https://goo.gl/maps/ZGGNrKDoD6S2
2,GVESA.1.176 - : debriefingsruimte,gvesa1176,GVESA1176,,-,-,hansdeboeck,24,Gent,0,0,Campus Vesalius,https://goo.gl/maps/ZGGNrKDoD6S3
3,GMELL.1.007,gmell1007,GMELL1007,,trapgat naast de inkom tot aan het eerste verdiepen en dan de gang links en de 3de deur rechts,-,hansdeboeck,1,Melle,0,0,Campus Melle,https://goo.gl/maps/ZGGNrKDoD6S4
4,GMRCG.1.005,gmrcg1005,GMRCG1005,,-,-,hansdeboeck,1,Gent,0,0,Campus Mercator,https://goo.gl/maps/ZGGNrKDoD6S5
5,GMRCG.1.025,gmrcg1025,GMRCG1025,,-,-,hansdeboeck,1,Gent,0,0,Campus Mercator,https://goo.gl/maps/ZGGNrKDoD6S6
6,GMELL.-1.005 (laptoplokaal),gmell1005,GMELL1005,,-,-,hansdeboeck,20,Melle,0,0,Campus Melle,https://goo.gl/maps/ZGGNrKDoD6S7
7,GLEDE.0.104 (Kattekwaad),kattekwaad,GLEDE0104,,-,-,hansdeboeck,1,Gent,0,0,Campus Ledeganck,https://goo.gl/maps/ZGGNrKDoD6S8
8,GSCHP.0.251,gschp0251,GSCHP0251,,-,-,hansdeboeck,25,Gent,0,0,Campus Schoonmeersen,https://goo.gl/maps/ZGGNrKDoD6S9
9,GMELL.1.016,gmell1016,GMELL1016,,inkomhal de trap extreem rechts en dan rechts van de gang de glazen deuren,-,hansdeboeck,1,Melle,0,0,Campus Melle,https://goo.gl/maps/ZGGNrKDoD6S10
10,GSCHP.1.218,gschp1218,GSCHP1218,,-,-,hansdeboeck,70,Gent,0,0,Campus Schoonmeersen,https://goo.gl/maps/ZGGNrKDoD6S11
11,GSCHP.1.121,gschp1121,GSCHP1121,,-,-,hansdeboeck,19,Gent,0,0,Campus Schoonmeersen,https://goo.gl/maps/ZGGNrKDoD6S12
12,GSCHP.1.104,gschp1104,GSCHP1104,,-,-,hansdeboeck,30,Gent,0,0,Campus Schoonmeersen,https://goo.gl/maps/ZGGNrKDoD6S13
13,GSCHP.1.215,gschp1215,GSCHP1215,,-,-,hansdeboeck,35,Gent,0,0,Campus Schoonmeersen,https://goo.gl/maps/ZGGNrKDoD6S14
14,GSCHP.1.252,gschp1252,GSCHP1252,,-,-,hansdeboeck,24,Gent,0,0,Campus Schoonmeersen,https://goo.gl/maps/ZGGNrKDoD6S15
15,GSCHP.1.105,gschp1105,GSCHP1105,,-,-,hansdeboeck,53,Gent,0,0,Campus Schoonmeersen,https://goo.gl/maps/ZGGNrKDoD6S16
16,GSCHP.1.214,gschp1214,GSCHP1214,,-,-,hansdeboeck,90,Gent,0,0,Campus Schoonmeersen,https://goo.gl/maps/ZGGNrKDoD6S17
17,GSCHP.1.212,gschp1212,GSCHP1212,,-,-,hansdeboeck,90,Gent,0,0,Campus Schoonmeersen,https://goo.gl/maps/ZGGNrKDoD6S18
18,GSCHP.1.213,gschp1213,GSCHP1213,,-,-,hansdeboeck,90,Gent,0,0,Campus Schoonmeersen,https://goo.gl/maps/ZGGNrKDoD6S19
19,GSCHP.1.102,gschp1102,GSCHP1102,,-,-,hansdeboeck,15,Gent,0,0,Campus Schoonmeersen,https://goo.gl/maps/ZGGNrKDoD6S20
20,GSCHP.1.052,gschp1052,GSCHP1052,,-,-,hansdeboeck,30,Gent,0,0,Campus Schoonmeersen,https://goo.gl/maps/ZGGNrKDoD6S21
21,GSCHP.1.053,gschp1053,GSCHP1053,,-,-,hansdeboeck,40,Gent,0,0,Campus Schoonmeersen,https://goo.gl/maps/ZGGNrKDoD6S22
22,GSCHP.1.055,gschp1055,GSCHP1055,,-,-,hansdeboeck,30,Gent,0,0,Campus Schoonmeersen,https://goo.gl/maps/ZGGNrKDoD6S23
23,GSCHP.1.056,gschp1056,GSCHP1056,,-,-,hansdeboeck,30,Gent,0,0,Campus Schoonmeersen,https://goo.gl/maps/ZGGNrKDoD6S24
24,GSCHP.1.057,gschp1057,GSCHP1057,,-,-,hansdeboeck,30,Gent,0,0,Campus Schoonmeersen,https://goo.gl/maps/ZGGNrKDoD6S25
25,GSCHP.1.221,gschp1221,GSCHP1221,,-,-,hansdeboeck,20,Gent,0,0,Campus Schoonmeersen,https://goo.gl/maps/ZGGNrKDoD6S26
26,GSCHP.1.217,gschp1217,GSCHP1217,,-,-,hansdeboeck,30,Gent,0,0,Campus Schoonmeersen,https://goo.gl/maps/ZGGNrKDoD6S27
27,GSCHP.1.255,gschp1255,GSCHP1255,,-,-,hansdeboeck,18,Gent,0,0,Campus Schoonmeersen,https://goo.gl/maps/ZGGNrKDoD6S28
28,GSCHP.1.254,gschp1254,GSCHP1254,,-,-,hansdeboeck,30,Gent,0,0,Campus Schoonmeersen,https://goo.gl/maps/ZGGNrKDoD6S29
29,GSCHP.1.257,gschp1257,GSCHP1257,,-,-,hansdeboeck,22,Gent,0,0,Campus Schoonmeersen,https://goo.gl/maps/ZGGNrKDoD6S30
30,GSCHP.1.060,gschp1060,GSCHP1060,,-,-,hansdeboeck,20,Gent,0,0,Campus Schoonmeersen,https://goo.gl/maps/ZGGNrKDoD6S31
31,GSCHP.1.262,gschp1262,GSCHP1262,,-,-,hansdeboeck,25,Gent,0,0,Campus Schoonmeersen,https://goo.gl/maps/ZGGNrKDoD6S32
32,GSCHP.1.108,gschp1108,GSCHP1108,,-,-,hansdeboeck,6,Gent,0,0,Campus Schoonmeersen,https://goo.gl/maps/ZGGNrKDoD6S33
33,GSCHP.1.054,gschp1054,GSCHP1054,,-,-,hansdeboeck,1,Gent,0,0,Campus Schoonmeersen,https://goo.gl/maps/ZGGNrKDoD6S34
34,GSCHP.0.204,gschp0204,GSCHP0204,,-,-,hansdeboeck,30,Gent,0,0,Campus Schoonmeersen,https://goo.gl/maps/ZGGNrKDoD6S35
35,GSCHP.0.217,gschp0217,GSCHP0217,,-,-,hansdeboeck,50,Gent,0,0,Campus Schoonmeersen,https://goo.gl/maps/ZGGNrKDoD6S36
36,GSCHP.0.154 (PAUD),paud,GSCHP0154,,-,-,hansdeboeck,288,Gent,0,0,Campus Schoonmeersen,https://goo.gl/maps/ZGGNrKDoD6S37
37,GSCHP.0.117,gschp0117,GSCHP0117,,-,-,hansdeboeck,20,Gent,0,0,Campus Schoonmeersen,https://goo.gl/maps/ZGGNrKDoD6S38
38,GSCHP.0.221,gschp0221,GSCHP0221,,-,-,hansdeboeck,25,Gent,0,0,Campus Schoonmeersen,https://goo.gl/maps/ZGGNrKDoD6S39
39,GSCHP.0.161,gschp0161,GSCHP0161,,-,-,hansdeboeck,1,Gent,0,0,Campus Schoonmeersen,https://goo.gl/maps/ZGGNrKDoD6S40
40,GSCHP.0.162,gschp0162,GSCHP0162,,-,-,hansdeboeck,1,Gent,0,0,Campus Schoonmeersen,https://goo.gl/maps/ZGGNrKDoD6S41
41,GSCHP.0.051,gschp0051,GSCHP0051,,-,-,hansdeboeck,25,Gent,0,0,Campus Schoonmeersen,https://goo.gl/maps/ZGGNrKDoD6S42
42,GSCHP.0.057,gschp0057,GSCHP0057,,-,-,hansdeboeck,25,Gent,0,0,Campus Schoonmeersen,https://goo.gl/maps/ZGGNrKDoD6S43
43,GSCHP.0.059,gschp0059,GSCHP0059,,-,-,hansdeboeck,25,Gent,0,0,Campus Schoonmeersen,https://goo.gl/maps/ZGGNrKDoD6S44
44,GSCHP.0.116,gschp0116,GSCHP0116,,-,-,hansdeboeck,25,Gent,0,0,Campus Schoonmeersen,https://goo.gl/maps/ZGGNrKDoD6S45
45,GSCHP.0.126,gschp0126,GSCHP0126,,-,-,hansdeboeck,23,Gent,0,0,Campus Schoonmeersen,https://goo.gl/maps/ZGGNrKDoD6S46
46,GSCHP.0.201,gschp0201,GSCHP0201,,-,-,hansdeboeck,25,Gent,0,0,Campus Schoonmeersen,https://goo.gl/maps/ZGGNrKDoD6S47
47,GSCHP.0.262,gschp0262,GSCHP0262,,-,-,hansdeboeck,20,Gent,0,0,Campus Schoonmeersen,https://goo.gl/maps/ZGGNrKDoD6S48
48,GSCHP.0.122,gschp0122,GSCHP0122,,-,-,hansdeboeck,30,Gent,0,0,Campus Schoonmeersen,https://goo.gl/maps/ZGGNrKDoD6S49
49,GSCHP.0.151 (Resto P),RestoP,GSCHP0151,,-,-,hansdeboeck,1,Gent,0,0,Campus Schoonmeersen,https://goo.gl/maps/ZGGNrKDoD6S50
50,GSCHP.0.062,gschp0062,GSCHP0062,,-,-,hansdeboeck,22,Gent,0,0,Campus Schoonmeersen,https://goo.gl/maps/ZGGNrKDoD6S51
51,GSCHP.0.056,gschp0056,GSCHP0056,,-,-,hansdeboeck,30,Gent,0,0,Campus Schoonmeersen,https://goo.gl/maps/ZGGNrKDoD6S52
52,GSCHP.0.061,gschp0061,GSCHP0061,,-,-,hansdeboeck,21,Gent,0,0,Campus Schoonmeersen,https://goo.gl/maps/ZGGNrKDoD6S53
53,GSCHP.0.252,gschp0252,GSCHP0252,,-,-,hansdeboeck,25,Gent,0,0,Campus Schoonmeersen,https://goo.gl/maps/ZGGNrKDoD6S54
54,GSCHP.0.254,gschp0254,GSCHP0254,,-,-,hansdeboeck,31,Gent,0,0,Campus Schoonmeersen,https://goo.gl/maps/ZGGNrKDoD6S55
55,GSCHP.0.257,gschp0257,GSCHP0257,,-,-,hansdeboeck,24,Gent,0,0,Campus Schoonmeersen,https://goo.gl/maps/ZGGNrKDoD6S56
56,GSCHP.0.265,gschp0265,GSCHP0265,,-,-,hansdeboeck,23,Gent,0,0,Campus Schoonmeersen,https://goo.gl/maps/ZGGNrKDoD6S57
57,GSCHP.0.269,gschp0269,GSCHP0269,,-,-,hansdeboeck,25,Gent,0,0,Campus Schoonmeersen,https://goo.gl/maps/ZGGNrKDoD6S58
58,GSCHP.0.500,gschp0500,GSCHP0500,,-,-,hansdeboeck,90,Gent,0,0,Campus Schoonmeersen,https://goo.gl/maps/ZGGNrKDoD6S59
59,GSCHP.0.270,gschp0270,GSCHP0270,,-,-,hansdeboeck,25,Gent,0,0,Campus Schoonmeersen,https://goo.gl/maps/ZGGNrKDoD6S60
60,GSCHS.0.025,gschs0025,GSCHS0025,,-,-,hansdeboeck,30,Gent,0,0,Campus Schoonmeersen,https://goo.gl/maps/ZGGNrKDoD6S61
61,GSCHS.2.001 (leslokaal 10),gschs2001,GSCHS2001,,-,-,hansdeboeck,20,Gent,0,0,Campus Schoonmeersen,https://goo.gl/maps/ZGGNrKDoD6S62
62,GSCHS.1.019,gschs1019,GSCHS1019,,-,-,hansdeboeck,1,Gent,0,0,Campus Schoonmeersen,https://goo.gl/maps/ZGGNrKDoD6S63
63,GSCHS.1.018,gschs1018,GSCHS1018,,-,-,hansdeboeck,1,Gent,0,0,Campus Schoonmeersen,https://goo.gl/maps/ZGGNrKDoD6S64
64,GSCHS.1.016,gschs1016,GSCHS1016,,-,-,hansdeboeck,1,Gent,0,0,Campus Schoonmeersen,https://goo.gl/maps/ZGGNrKDoD6S65
65,GSCHS.1.009,gschs1009,GSCHS1009,,-,-,hansdeboeck,30,Gent,0,0,Campus Schoonmeersen,https://goo.gl/maps/ZGGNrKDoD6S66
66,GSCHS.1.010,gschs1010,GSCHS1010,,-,-,hansdeboeck,25,Gent,0,0,Campus Schoonmeersen,https://goo.gl/maps/ZGGNrKDoD6S67
67,GSCHS.1.011,gschs1011,GSCHS1011,,-,-,hansdeboeck,60,Gent,0,0,Campus Schoonmeersen,https://goo.gl/maps/ZGGNrKDoD6S68
68,GSCHS.1.015 Supervisielokaal FMS,gschs1015,GSCHS1015,,-,-,hansdeboeck,1,Gent,0,0,Campus Schoonmeersen,https://goo.gl/maps/ZGGNrKDoD6S69
69,GBPRO.1.Proefruimte anaerobe ferm.,proefruimte,bot1,,-,-,hansdeboeck,10,Gent,0,0,Site Bottelare,https://goo.gl/maps/ZGGNrKDoD6S70
70,GBPRO.1.Maalruimte,maalruimte,bot2,,-,-,hansdeboeck,10,Gent,0,0,Site Bottelare,https://goo.gl/maps/ZGGNrKDoD6S71
71,GBPRO.0.Fytopath. Labo,fythopathlabo,bot3,,-,-,hansdeboeck,4,Gent,0,0,Site Bottelare,https://goo.gl/maps/ZGGNrKDoD6S72
72,GBPRO.0.Loods,loods,bot4,,-,-,hansdeboeck,40,Gent,0,0,Site Bottelare,https://goo.gl/maps/ZGGNrKDoD6S73
73,GBPRO.0.Voorbereidinglok. Monst.,voorbereidingmonsters,bot5,,-,-,hansdeboeck,10,Gent,0,0,Site Bottelare,https://goo.gl/maps/ZGGNrKDoD6S74
74,GBPRO.0.fytolokaal,fytolokaal,bot6,,-,-,hansdeboeck,40,Gent,0,0,Site Bottelare,https://goo.gl/maps/ZGGNrKDoD6S75
75,GBPRO.0.Leslokaal<40,leslokaal40,bot7,,-,-,hansdeboeck,20,Gent,0,0,Site Bottelare,https://goo.gl/maps/ZGGNrKDoD6S76
76,GBPRO.0.Fytopath. Labo,fythopathlabo2,bot8,,-,-,hansdeboeck,40,Gent,0,0,Site Bottelare,https://goo.gl/maps/ZGGNrKDoD6S77
77,GBPRO.0.Fytopath. Labo,fythopathlabo3,bot9,,-,-,hansdeboeck,4,Gent,0,0,Site Bottelare,https://goo.gl/maps/ZGGNrKDoD6S78
78,GBPRO.0.Polyvalente ruimte,poly1,bot10,,-,-,hansdeboeck,15,Gent,0,0,Site Bottelare,https://goo.gl/maps/ZGGNrKDoD6S79
79,GAARB.2.002 (Aud. G. Aelterman),aelterman,GAARB2002,,-,-,hansdeboeck,106,Gent,0,0,Campus Aalst,https://goo.gl/maps/ZGGNrKDoD6S80
80,GAARB.2.016,gaarb2016,GAARB2016,,-,-,hansdeboeck,35,Gent,0,0,Campus Aalst,https://goo.gl/maps/ZGGNrKDoD6S81
81,GAARB.2.015,gaarb2015,GAARB2015,,-,-,hansdeboeck,35,Gent,0,0,Campus Aalst,https://goo.gl/maps/ZGGNrKDoD6S82
82,GAARB.2.014,gaarb2014,GAARB2014,,-,-,hansdeboeck,35,Gent,0,0,Campus Aalst,https://goo.gl/maps/ZGGNrKDoD6S83
83,GAARB.2.010,gaarb2010,GAARB2010,,-,-,hansdeboeck,35,Gent,0,0,Campus Aalst,https://goo.gl/maps/ZGGNrKDoD6S84
84,GAARB.2.009,gaarb2009,GAARB2009,,-,-,hansdeboeck,35,Gent,0,0,Campus Aalst,https://goo.gl/maps/ZGGNrKDoD6S85
85,GAARB.2.008,gaarb2008,GAARB2008,,-,-,hansdeboeck,35,Gent,0,0,Campus Aalst,https://goo.gl/maps/ZGGNrKDoD6S86
86,GAARB.2.013,gaarb2013,GAARB2013,,-,-,hansdeboeck,35,Gent,0,0,Campus Aalst,https://goo.gl/maps/ZGGNrKDoD6S87
87,GAARB.2.012,gaarb2012,GAARB2012,,-,-,hansdeboeck,35,Gent,0,0,Campus Aalst,https://goo.gl/maps/ZGGNrKDoD6S88
88,GAARB.2.003,gaarb2003,GAARB2003,,-,-,hansdeboeck,16,Gent,0,0,Campus Aalst,https://goo.gl/maps/ZGGNrKDoD6S89
89,GAARB.1.024,gaarb1024,GAARB1024,,-,-,hansdeboeck,30,Gent,0,0,Campus Aalst,https://goo.gl/maps/ZGGNrKDoD6S90
90,GAARB.1.023,gaarb1023,GAARB1023,,-,-,hansdeboeck,30,Gent,0,0,Campus Aalst,https://goo.gl/maps/ZGGNrKDoD6S91
91,GAARB.1.025,gaarb1025,GAARB1025,,-,-,hansdeboeck,33,Gent,0,0,Campus Aalst,https://goo.gl/maps/ZGGNrKDoD6S92
92,GAARB.1.009,gaarb1009,GAARB1009,,-,-,hansdeboeck,33,Gent,0,0,Campus Aalst,https://goo.gl/maps/ZGGNrKDoD6S93
93,GAARB.1.010,gaarb1010,GAARB1010,,-,-,hansdeboeck,33,Gent,0,0,Campus Aalst,https://goo.gl/maps/ZGGNrKDoD6S94
94,GAARB.1.008,gaarb1008,GAARB1008,,-,-,hansdeboeck,33,Gent,0,0,Campus Aalst,https://goo.gl/maps/ZGGNrKDoD6S95
95,GAARB.1.007,gaarb1007,GAARB1007,,-,-,hansdeboeck,33,Gent,0,0,Campus Aalst,https://goo.gl/maps/ZGGNrKDoD6S96
96,GAARB.1.015,gaarb1015,GAARB1015,,-,-,hansdeboeck,33,Gent,0,0,Campus Aalst,https://goo.gl/maps/ZGGNrKDoD6S97
97,GAARB.1.014,gaarb1014,GAARB1014,,-,-,hansdeboeck,33,Gent,0,0,Campus Aalst,https://goo.gl/maps/ZGGNrKDoD6S98
98,GAARB.1.013,gaarb1013,GAARB1013,,-,-,hansdeboeck,33,Gent,0,0,Campus Aalst,https://goo.gl/maps/ZGGNrKDoD6S99
99,GAARB.0.047,gaarb0047,GAARB0047,,-,-,hansdeboeck,30,Gent,0,0,Campus Aalst,https://goo.gl/maps/ZGGNrKDoD6S100
100,GAARB.0.020 (Aud. J. De Ridder),deridder,GAARB0020,,-,-,hansdeboeck,142,Gent,0,0,Campus Aalst,https://goo.gl/maps/ZGGNrKDoD6S101
101,GAARB.0.011 (Foyer),foyeraalst,GAARB0011,,-,-,hansdeboeck,1,Gent,0,0,Campus Aalst,https://goo.gl/maps/ZGGNrKDoD6S102
102,GAARB.0.027,gaarb0027,GAARB0027,,-,-,hansdeboeck,35,Gent,0,0,Campus Aalst,https://goo.gl/maps/ZGGNrKDoD6S103
103,GAARB.0.028,gaarb0028,GAARB0028,,-,-,hansdeboeck,35,Gent,0,0,Campus Aalst,https://goo.gl/maps/ZGGNrKDoD6S104
104,GAARB.0.029,gaarb0029,GAARB0029,,-,-,hansdeboeck,35,Gent,0,0,Campus Aalst,https://goo.gl/maps/ZGGNrKDoD6S105
105,GAARB.0.032,gaarb0032,GAARB0032,,-,-,hansdeboeck,35,Gent,0,0,Campus Aalst,https://goo.gl/maps/ZGGNrKDoD6S106
106,GAARB.0.031,gaarb0031,GAARB0031,,-,-,hansdeboeck,35,Gent,0,0,Campus Aalst,https://goo.gl/maps/ZGGNrKDoD6S107
107,GAARB.0.030,gaarb0030,GAARB0030,,-,-,hansdeboeck,35,Gent,0,0,Campus Aalst,https://goo.gl/maps/ZGGNrKDoD6S108
108,GAARB.0.033,gaarb0033,GAARB0033,,-,-,hansdeboeck,15,Gent,0,0,Campus Aalst,https://goo.gl/maps/ZGGNrKDoD6S109
109,GLEDE.2.013,glede2013,GLEDE2013,,-,-,hansdeboeck,42,Gent,0,0,Campus Ledeganck,https://goo.gl/maps/ZGGNrKDoD6S110
110,GLEDE.2.014,glede2014,GLEDE2014,,-,-,hansdeboeck,73,Gent,0,0,Campus Ledeganck,https://goo.gl/maps/ZGGNrKDoD6S111
111,GLEDE.2.015 (Zedenleer NCZ),zedenleer,GLEDE2015,,-,-,hansdeboeck,43,Gent,0,0,Campus Ledeganck,https://goo.gl/maps/ZGGNrKDoD6S112
112,GLEDE.2.016 (geschiedenis),geschiedenis,GLEDE2016,,-,-,hansdeboeck,68,Gent,0,0,Campus Ledeganck,https://goo.gl/maps/ZGGNrKDoD6S113
113,GLEDE.2.017,glede2017,GLEDE2017,,-,-,hansdeboeck,49,Gent,0,0,Campus Ledeganck,https://goo.gl/maps/ZGGNrKDoD6S114
114,GLEDE.2.018,glede2018,GLEDE2018,,-,-,hansdeboeck,78,Gent,0,0,Campus Ledeganck,https://goo.gl/maps/ZGGNrKDoD6S115
115,GLEDE.2.019,glede2019,GLEDE2019,,-,-,hansdeboeck,50,Gent,0,0,Campus Ledeganck,https://goo.gl/maps/ZGGNrKDoD6S116
116,GLEDE.2.020,glede2020,GLEDE2020,,-,-,hansdeboeck,36,Gent,0,0,Campus Ledeganck,https://goo.gl/maps/ZGGNrKDoD6S117
117,GLEDE.2.022,glede2022,GLEDE2022,,-,-,hansdeboeck,66,Gent,0,0,Campus Ledeganck,https://goo.gl/maps/ZGGNrKDoD6S118
118,GLEDE.2.023,glede2023,GLEDE2023,,-,-,hansdeboeck,35,Gent,0,0,Campus Ledeganck,https://goo.gl/maps/ZGGNrKDoD6S119
119,GLEDE.2.024,glede2024,GLEDE2024,,-,-,hansdeboeck,28,Gent,0,0,Campus Ledeganck,https://goo.gl/maps/ZGGNrKDoD6S120
120,GLEDE.2.001,glede2001,GLEDE2001,,-,-,hansdeboeck,25,Gent,0,0,Campus Ledeganck,https://goo.gl/maps/ZGGNrKDoD6S121
121,GLEDE.2.004,glede2004,GLEDE2004,,-,-,hansdeboeck,25,Gent,0,0,Campus Ledeganck,https://goo.gl/maps/ZGGNrKDoD6S122
122,GLEDE.2.005,glede2005,GLEDE2005,,-,-,hansdeboeck,25,Gent,0,0,Campus Ledeganck,https://goo.gl/maps/ZGGNrKDoD6S123
123,GLEDE.2.006,glede2006,GLEDE2006,,-,-,hansdeboeck,25,Gent,0,0,Campus Ledeganck,https://goo.gl/maps/ZGGNrKDoD6S124
124,GLEDE.2.007,glede2007,GLEDE2007,,-,-,hansdeboeck,25,Gent,0,0,Campus Ledeganck,https://goo.gl/maps/ZGGNrKDoD6S125
125,GLEDE.2.008,glede2008,GLEDE2008,,-,-,hansdeboeck,25,Gent,0,0,Campus Ledeganck,https://goo.gl/maps/ZGGNrKDoD6S126
126,GLEDE.2.009,glede2009,GLEDE2009,,-,-,hansdeboeck,25,Gent,0,0,Campus Ledeganck,https://goo.gl/maps/ZGGNrKDoD6S127
127,GLEDE.2.012,glede2012,GLEDE2012,,-,-,hansdeboeck,25,Gent,0,0,Campus Ledeganck,https://goo.gl/maps/ZGGNrKDoD6S128
128,GLEDE.1.010,glede1010,GLEDE1010,,-,-,hansdeboeck,50,Gent,0,0,Campus Ledeganck,https://goo.gl/maps/ZGGNrKDoD6S129
129,GLEDE.1.004,glede1004,GLEDE1004,,-,-,hansdeboeck,23,Gent,0,0,Campus Ledeganck,https://goo.gl/maps/ZGGNrKDoD6S130
130,GLEDE.1.003,glede1003,GLEDE1003,,-,-,hansdeboeck,23,Gent,0,0,Campus Ledeganck,https://goo.gl/maps/ZGGNrKDoD6S131
131,GLEDE.1.002,glede1002,GLEDE1002,,-,-,hansdeboeck,23,Gent,0,0,Campus Ledeganck,https://goo.gl/maps/ZGGNrKDoD6S132
132,GLEDE.1.031,glede1031,GLEDE1031,,-,-,hansdeboeck,30,Gent,0,0,Campus Ledeganck,https://goo.gl/maps/ZGGNrKDoD6S133
133,GLEDE.1.028 (Conferentiezaal),conferentiezaal,GLEDE1028,,-,-,hansdeboeck,80,Gent,0,0,Campus Ledeganck,https://goo.gl/maps/ZGGNrKDoD6S134
134,GLEDE.1.026 (muzieklokaal),muzieklokaal,GLEDE1026,,-,-,hansdeboeck,22,Gent,0,0,Campus Ledeganck,https://goo.gl/maps/ZGGNrKDoD6S135
135,GLEDE.1.025 (muzieklokaal),muzieklokaal2,GLEDE1025,,-,-,hansdeboeck,20,Gent,0,0,Campus Ledeganck,https://goo.gl/maps/ZGGNrKDoD6S136
136,GLEDE.1.024 (muzieklokaal),muzieklokaal3,GLEDE1024,,-,-,hansdeboeck,6,Gent,0,0,Campus Ledeganck,https://goo.gl/maps/ZGGNrKDoD6S137
137,GLEDE.1.023 (muzieklokaal),muzieklokaal4,GLEDE1023,,-,-,hansdeboeck,20,Gent,0,0,Campus Ledeganck,https://goo.gl/maps/ZGGNrKDoD6S138
138,GLEDE.1.021,glede1021,GLEDE1021,,-,-,hansdeboeck,24,Gent,0,0,Campus Ledeganck,https://goo.gl/maps/ZGGNrKDoD6S139
139,GLEDE.1.020,glede1020,GLEDE1020,,-,-,hansdeboeck,24,Gent,0,0,Campus Ledeganck,https://goo.gl/maps/ZGGNrKDoD6S140
140,GLEDE.1.019,glede1019,GLEDE1019,,-,-,hansdeboeck,24,Gent,0,0,Campus Ledeganck,https://goo.gl/maps/ZGGNrKDoD6S141
141,GLEDE.1.018,glede1018,GLEDE1018,,-,-,hansdeboeck,24,Gent,0,0,Campus Ledeganck,https://goo.gl/maps/ZGGNrKDoD6S142
142,GLEDE.1.017,glede1017,GLEDE1017,,-,-,hansdeboeck,24,Gent,0,0,Campus Ledeganck,https://goo.gl/maps/ZGGNrKDoD6S143
143,GLEDE.1.016,glede1016,GLEDE1016,,-,-,hansdeboeck,34,Gent,0,0,Campus Ledeganck,https://goo.gl/maps/ZGGNrKDoD6S144
144,GLEDE.1.015,glede1015,GLEDE1015,,-,-,hansdeboeck,22,Gent,0,0,Campus Ledeganck,https://goo.gl/maps/ZGGNrKDoD6S145
145,GLEDE.1.014,glede1014,GLEDE1014,,-,-,hansdeboeck,44,Gent,0,0,Campus Ledeganck,https://goo.gl/maps/ZGGNrKDoD6S146
146,GLEDE.1.011,glede1011,GLEDE1011,,-,-,hansdeboeck,45,Gent,0,0,Campus Ledeganck,https://goo.gl/maps/ZGGNrKDoD6S147
147,GLEDE.0.003 (poly.zaal P. Vermeulen),vermeulen,GLEDE0003,,-,-,hansdeboeck,49,Gent,0,0,Campus Ledeganck,https://goo.gl/maps/ZGGNrKDoD6S148
148,GLEDE.0.005 (labo biologie),labobiologie,GLEDE0005,,-,-,hansdeboeck,32,Gent,0,0,Campus Ledeganck,https://goo.gl/maps/ZGGNrKDoD6S149
149,GLEDE.0.006 (labo fysica),labofysica,GLEDE0006,,-,-,hansdeboeck,40,Gent,0,0,Campus Ledeganck,https://goo.gl/maps/ZGGNrKDoD6S150
150,GLEDE.0.008 (wetenschapslokaal),wetenschapslokaal,GLEDE0008,,-,-,hansdeboeck,45,Gent,0,0,Campus Ledeganck,https://goo.gl/maps/ZGGNrKDoD6S151
151,GLEDE.0.009 (turnzaal),turnzaal,GLEDE0009,,-,-,hansdeboeck,80,Gent,0,0,Campus Ledeganck,https://goo.gl/maps/ZGGNrKDoD6S152
152,GLEDE.0.023 (aardrijkskunde),aardrijkskunde,GLEDE0023,,-,-,hansdeboeck,45,Gent,0,0,Campus Ledeganck,https://goo.gl/maps/ZGGNrKDoD6S153
153,GLEDE.0.027 (boetseerlokaal),boetseerlokaal,GLEDE0027,,-,-,hansdeboeck,20,Gent,0,0,Campus Ledeganck,https://goo.gl/maps/ZGGNrKDoD6S154
154,GLEDE.0.028,glede0028,GLEDE0028,,-,-,hansdeboeck,16,Gent,0,0,Campus Ledeganck,https://goo.gl/maps/ZGGNrKDoD6S155
155,GLEDE.0.030 (voeding - verzorging),voeding,GLEDE0030,,-,-,hansdeboeck,16,Gent,0,0,Campus Ledeganck,https://goo.gl/maps/ZGGNrKDoD6S156
156,GLEDE.0.036 (muzieklokaal),muzieklokaal5,GLEDE0036,,-,-,hansdeboeck,40,Gent,0,0,Campus Ledeganck,https://goo.gl/maps/ZGGNrKDoD6S157
157,GLEDE.0.042,glede0042,GLEDE0042,,-,-,hansdeboeck,40,Gent,0,0,Campus Ledeganck,https://goo.gl/maps/ZGGNrKDoD6S158
158,GLEDE.0.045,glede0045,GLEDE0045,,-,-,hansdeboeck,40,Gent,0,0,Campus Ledeganck,https://goo.gl/maps/ZGGNrKDoD6S159
159,GLEDE.0.048 (doka),glede0048,GLEDE0048,,-,-,hansdeboeck,20,Gent,0,0,Campus Ledeganck,https://goo.gl/maps/ZGGNrKDoD6S160
160,GLEDE.0.049,glede0049,GLEDE0049,,-,-,hansdeboeck,20,Gent,0,0,Campus Ledeganck,https://goo.gl/maps/ZGGNrKDoD6S161
161,GSCHP.-1.252,gschp1252,GSCHP1252,,-,-,hansdeboeck,1,Gent,0,0,Campus Schoonmeersen,https://goo.gl/maps/ZGGNrKDoD6S162
162,GMRCD.1.034,gmrcd1034,GMRCD1034,,-,-,hansdeboeck,47,Gent,0,0,Campus Mercator,https://goo.gl/maps/ZGGNrKDoD6S163
163,GMRCD.1.031,gmrcd1031,GMRCD1031,,-,-,hansdeboeck,45,Gent,0,0,Campus Mercator,https://goo.gl/maps/ZGGNrKDoD6S164
164,GMRCD.1.030,gmrcd1030,GMRCD1030,,-,-,hansdeboeck,59,Gent,0,0,Campus Mercator,https://goo.gl/maps/ZGGNrKDoD6S165
165,GMRCD.1.033,gmrcd1033,GMRCD1033,,-,-,hansdeboeck,46,Gent,0,0,Campus Mercator,https://goo.gl/maps/ZGGNrKDoD6S166
166,GMRCD.1.036,gmrcd1036,GMRCD1036,,-,-,hansdeboeck,64,Gent,0,0,Campus Mercator,https://goo.gl/maps/ZGGNrKDoD6S167
167,GMRCD.1.037,gmrcd1037,GMRCD1037,,-,-,hansdeboeck,22,Gent,0,0,Campus Mercator,https://goo.gl/maps/ZGGNrKDoD6S168
168,GMRCD.0.032,gmrcd0032,GMRCD0032,,-,-,hansdeboeck,30,Gent,0,0,Campus Mercator,https://goo.gl/maps/ZGGNrKDoD6S169
169,GMRCD.0.031,gmrcd0031,GMRCD0031,,-,-,hansdeboeck,68,Gent,0,0,Campus Mercator,https://goo.gl/maps/ZGGNrKDoD6S170
170,GMRCD.0.034,gmrcd0034,GMRCD0034,,-,-,hansdeboeck,34,Gent,0,0,Campus Mercator,https://goo.gl/maps/ZGGNrKDoD6S171
171,GMRCD.0.037,gmrcd0037,GMRCD0037,,-,-,hansdeboeck,30,Gent,0,0,Campus Mercator,https://goo.gl/maps/ZGGNrKDoD6S172
172,GMRCD.0.033,gmrcd0033,GMRCD0033,,-,-,hansdeboeck,30,Gent,0,0,Campus Mercator,https://goo.gl/maps/ZGGNrKDoD6S173
173,GMRCG.5.005,gmrcg5005,GMRCG5005,,-,-,hansdeboeck,154,Gent,0,0,Campus Mercator,https://goo.gl/maps/ZGGNrKDoD6S174
174,GMRCG.5.010 - Taallabo,taallabo1,GMRCG5010,,-,-,hansdeboeck,18,Gent,0,0,Campus Mercator,https://goo.gl/maps/ZGGNrKDoD6S175
175,GMRCG.5.011 - Taallabo,taallabo2,GMRCG5011,,-,-,hansdeboeck,18,Gent,0,0,Campus Mercator,https://goo.gl/maps/ZGGNrKDoD6S176
176,GMRCG.4.018,gmrcg4018,GMRCG4018,,-,-,hansdeboeck,48,Gent,0,0,Campus Mercator,https://goo.gl/maps/ZGGNrKDoD6S177
177,GMRCG.4.019,gmrcg4019,GMRCG4019,,-,-,hansdeboeck,28,Gent,0,0,Campus Mercator,https://goo.gl/maps/ZGGNrKDoD6S178
178,GMRCG.4.014,gmrcg4014,GMRCG4014,,-,-,hansdeboeck,48,Gent,0,0,Campus Mercator,https://goo.gl/maps/ZGGNrKDoD6S179
179,GMRCG.4.015,gmrcg4015,GMRCG4015,,-,-,hansdeboeck,24,Gent,0,0,Campus Mercator,https://goo.gl/maps/ZGGNrKDoD6S180
180,GMRCG.4.011,gmrcg4011,GMRCG4011,,-,-,hansdeboeck,24,Gent,0,0,Campus Mercator,https://goo.gl/maps/ZGGNrKDoD6S181
181,GMRCG.4.005,gmrcg4005,GMRCG4005,,-,-,hansdeboeck,23,Gent,0,0,Campus Mercator,https://goo.gl/maps/ZGGNrKDoD6S182
182,GMRCG.4.006,gmrcg4006,GMRCG4006,,-,-,hansdeboeck,24,Gent,0,0,Campus Mercator,https://goo.gl/maps/ZGGNrKDoD6S183
183,GMRCG.4.007,gmrcg4007,GMRCG4007,,-,-,hansdeboeck,24,Gent,0,0,Campus Mercator,https://goo.gl/maps/ZGGNrKDoD6S184
184,GMRCG.4.009,gmrcg4009,GMRCG4009,,-,-,hansdeboeck,40,Gent,0,0,Campus Mercator,https://goo.gl/maps/ZGGNrKDoD6S185
185,GMRCG.4.010,gmrcg4010,GMRCG4010,,-,-,hansdeboeck,48,Gent,0,0,Campus Mercator,https://goo.gl/maps/ZGGNrKDoD6S186
186,GMRCG.4.012,gmrcg4012,GMRCG4012,,-,-,hansdeboeck,23,Gent,0,0,Campus Mercator,https://goo.gl/maps/ZGGNrKDoD6S187
187,GMRCG.4.013,gmrcg4013,GMRCG4013,,-,-,hansdeboeck,24,Gent,0,0,Campus Mercator,https://goo.gl/maps/ZGGNrKDoD6S188
188,GMRCG.4.016,gmrcg4016,GMRCG4016,,-,-,hansdeboeck,28,Gent,0,0,Campus Mercator,https://goo.gl/maps/ZGGNrKDoD6S189
189,GMRCG.4.017,gmrcg4017,GMRCG4017,,-,-,hansdeboeck,48,Gent,0,0,Campus Mercator,https://goo.gl/maps/ZGGNrKDoD6S190
190,GMRCG.4.020,gmrcg4020,GMRCG4020,,-,-,hansdeboeck,28,Gent,0,0,Campus Mercator,https://goo.gl/maps/ZGGNrKDoD6S191
191,GMRCG.3.018,gmrcg3018,GMRCG3018,,-,-,hansdeboeck,45,Gent,0,0,Campus Mercator,https://goo.gl/maps/ZGGNrKDoD6S192
192,GMRCG.3.013,gmrcg3013,GMRCG3013,,-,-,hansdeboeck,72,Gent,0,0,Campus Mercator,https://goo.gl/maps/ZGGNrKDoD6S193
193,GMRCG.3.008,gmrcg3008,GMRCG3008,,-,-,hansdeboeck,45,Gent,0,0,Campus Mercator,https://goo.gl/maps/ZGGNrKDoD6S194
194,GMRCG.3.017,gmrcg3017,GMRCG3017,,-,-,hansdeboeck,45,Gent,0,0,Campus Mercator,https://goo.gl/maps/ZGGNrKDoD6S195
195,GMRCG.3.014,gmrcg3014,GMRCG3014,,-,-,hansdeboeck,45,Gent,0,0,Campus Mercator,https://goo.gl/maps/ZGGNrKDoD6S196
196,GMRCG.3.016,gmrcg3016,GMRCG3016,,-,-,hansdeboeck,45,Gent,0,0,Campus Mercator,https://goo.gl/maps/ZGGNrKDoD6S197
197,GMRCG.3.009,gmrcg3009,GMRCG3009,,-,-,hansdeboeck,42,Gent,0,0,Campus Mercator,https://goo.gl/maps/ZGGNrKDoD6S198
198,GMRCG.3.011,gmrcg3011,GMRCG3011,,-,-,hansdeboeck,72,Gent,0,0,Campus Mercator,https://goo.gl/maps/ZGGNrKDoD6S199
199,GMRCG.3.004,gmrcg3004,GMRCG3004,,-,-,hansdeboeck,45,Gent,0,0,Campus Mercator,https://goo.gl/maps/ZGGNrKDoD6S200
200,GMRCG.3.005,gmrcg3005,GMRCG3005,,-,-,hansdeboeck,45,Gent,0,0,Campus Mercator,https://goo.gl/maps/ZGGNrKDoD6S201
201,GMRCG.3.006,gmrcg3006,GMRCG3006,,-,-,hansdeboeck,45,Gent,0,0,Campus Mercator,https://goo.gl/maps/ZGGNrKDoD6S202
202,GMRCG.3.007,gmrcg3007,GMRCG3007,,-,-,hansdeboeck,50,Gent,0,0,Campus Mercator,https://goo.gl/maps/ZGGNrKDoD6S203
203,GMRCG.3.015,gmrcg3015,GMRCG3015,,-,-,hansdeboeck,72,Gent,0,0,Campus Mercator,https://goo.gl/maps/ZGGNrKDoD6S204
204,GMRCG.2.012,gmrcg2012,GMRCG2012,,-,-,hansdeboeck,45,Gent,0,0,Campus Mercator,https://goo.gl/maps/ZGGNrKDoD6S205
205,GMRCG.2.016,gmrcg2016,GMRCG2016,,-,-,hansdeboeck,45,Gent,0,0,Campus Mercator,https://goo.gl/maps/ZGGNrKDoD6S206
206,GMRCG.2.017,gmrcg2017,GMRCG2017,,-,-,hansdeboeck,45,Gent,0,0,Campus Mercator,https://goo.gl/maps/ZGGNrKDoD6S207
207,GMRCG.2.018,gmrcg2018,GMRCG2018,,-,-,hansdeboeck,45,Gent,0,0,Campus Mercator,https://goo.gl/maps/ZGGNrKDoD6S208
208,GMRCG.2.010,gmrcg2010,GMRCG2010,,-,-,hansdeboeck,45,Gent,0,0,Campus Mercator,https://goo.gl/maps/ZGGNrKDoD6S209
209,GMRCG.2.015,gmrcg2015,GMRCG2015,,-,-,hansdeboeck,45,Gent,0,0,Campus Mercator,https://goo.gl/maps/ZGGNrKDoD6S210
210,GMRCG.2.014,gmrcg2014,GMRCG2014,,-,-,hansdeboeck,45,Gent,0,0,Campus Mercator,https://goo.gl/maps/ZGGNrKDoD6S211
211,GMRCG.2.013,gmrcg2013,GMRCG2013,,-,-,hansdeboeck,45,Gent,0,0,Campus Mercator,https://goo.gl/maps/ZGGNrKDoD6S212
212,GMRCG.2.008,gmrcg2008,GMRCG2008,,-,-,hansdeboeck,45,Gent,0,0,Campus Mercator,https://goo.gl/maps/ZGGNrKDoD6S213
213,GMRCG.2.009,gmrcg2009,GMRCG2009,,-,-,hansdeboeck,45,Gent,0,0,Campus Mercator,https://goo.gl/maps/ZGGNrKDoD6S214
214,GMRCG.2.011,gmrcg2011,GMRCG2011,,-,-,hansdeboeck,45,Gent,0,0,Campus Mercator,https://goo.gl/maps/ZGGNrKDoD6S215
215,GMRCG.2.007,gmrcg2007,GMRCG2007,,-,-,hansdeboeck,45,Gent,0,0,Campus Mercator,https://goo.gl/maps/ZGGNrKDoD6S216
216,GMRCG.2.006,gmrcg2006,GMRCG2006,,-,-,hansdeboeck,45,Gent,0,0,Campus Mercator,https://goo.gl/maps/ZGGNrKDoD6S217
217,GMRCG.2.005,gmrcg2005,GMRCG2005,,-,-,hansdeboeck,45,Gent,0,0,Campus Mercator,https://goo.gl/maps/ZGGNrKDoD6S218
218,GMRCG.0.014,gmrcg0014,GMRCG0014,,-,-,hansdeboeck,60,Gent,0,0,Campus Mercator,https://goo.gl/maps/ZGGNrKDoD6S219
219,GSCHC.2.061 (labo zuivel),zuivel,GSCHC2061,,-,-,hansdeboeck,25,Gent,0,0,Campus Schoonmeersen,https://goo.gl/maps/ZGGNrKDoD6S220
220,GSCHC.2.010 (org. chemie),chemie1,GSCHC2010,,-,-,hansdeboeck,20,Gent,0,0,Campus Schoonmeersen,https://goo.gl/maps/ZGGNrKDoD6S221
221,GSCHC.2.010b (org. chemie),chemie2,GSCHC2010,,-,-,hansdeboeck,45,Gent,0,0,Campus Schoonmeersen,https://goo.gl/maps/ZGGNrKDoD6S222
222,GSCHC.2.001,gschc2001,GSCHC2001,Leslokaal,,schoonmeersen/c/2001.png,hansdeboeck,40,Gent,0,0,Campus Schoonmeersen,
223,GSCHC.2.006,gschc2006,GSCHC2006,Leslokaal,-,schoonmeersen/c/2006.png,hansdeboeck,65,Gent,0,0,Campus Schoonmeersen,
224,GSCHC.2.005,gschc2005,GSCHC2005,Leslokaal,-,schoonmeersen/c/2005.png,hansdeboeck,64,Gent,0,0,Campus Schoonmeersen,
225,GSCHC.2.004,gschc2004,GSCHC2004,Leslokaal,-,schoonmeersen/c/2004.png,hansdeboeck,66,Gent,0,0,Campus Schoonmeersen,
226,GSCHC.2.003,gschc2003,GSCHC2003,Leslokaal,-,schoonmeersen/c/2003.png,hansdeboeck,30,Gent,0,0,Campus Schoonmeersen,
227,GSCHC.2.007,gschc2007,GSCHC2007,Leslokaal,-,schoonmeersen/c/2007.png,hansdeboeck,62,Gent,0,0,Campus Schoonmeersen,
228,GSCHC.2.008 (labo analytische),gschc2008,GSCHC2008,Labo,-,schoonmeersen/c/2008.png,hansdeboeck,30,Gent,0,0,Campus Schoonmeersen,
229,GSCHC.2.009 (labo chemie),gschc2009,GSCHC2009,Labo,-,schoonmeersen/c/2009.png,hansdeboeck,20,Gent,0,0,Campus Schoonmeersen,
230,GSCHC.2.011 (labo plantveredeling),gschc2011,GSCHC2011,Labo,-,schoonmeersen/c/2011.png,hansdeboeck,10,Gent,0,0,Campus Schoonmeersen,
231,GSCHC.2.050 (veevoedertech.),gschc2050,GSCHC2050,Labo,-,schoonmeersen/c/2050.png,hansdeboeck,25,Gent,0,0,Campus Schoonmeersen,
232,GSCHC.1.063 CPVZ,gschc1063,GSCHC1063,Leslokaal,-,schoonmeersen/c/1063.png,hansdeboeck,393,Gent,0,0,Campus Schoonmeersen,
233,GSCHC.1.064,gschc1064,GSCHC1064,Leslokaal,-,schoonmeersen/c/1064.png,hansdeboeck,15,Gent,0,0,Campus Schoonmeersen,
234,GSCHC.1.001,gschc1001,GSCHC1001,Leslokaal,-,schoonmeersen/c/1001.png,hansdeboeck,24,Gent,0,0,Campus Schoonmeersen,
235,GSCHC.1.002,gschc1002,GSCHC1002,Leslokaal,-,schoonmeersen/c/2002.png,hansdeboeck,24,Gent,0,0,Campus Schoonmeersen,
236,GSCHC.1.003,gschc1003,GSCHC1003,Leslokaal,-,schoonmeersen/c/1003.png,hansdeboeck,105,Gent,0,0,Campus Schoonmeersen,
237,GSCHC.1.005,gschc1005,GSCHC1005,Leslokaal,-,schoonmeersen/c/1005.png,hansdeboeck,46,Gent,0,0,Campus Schoonmeersen,
238,GSCHC.1.006,gschc1006,GSCHC1006,Leslokaal,-,schoonmeersen/c/1006.png,hansdeboeck,46,Gent,0,0,Campus Schoonmeersen,
239,GSCHC.1.007,gschc1007,GSCHC1007,Leslokaal,-,schoonmeersen/c/1007.png,hansdeboeck,46,Gent,0,0,Campus Schoonmeersen,
240,GSCHC.1.008,gschc1008,GSCHC1008,Leslokaal,-,schoonmeersen/c/1008.png,hansdeboeck,46,Gent,0,0,Campus Schoonmeersen,
241,GSCHC.1.009,gschc1009,GSCHC1009,Leslokaal,-,schoonmeersen/c/1009.png,hansdeboeck,68,Gent,0,0,Campus Schoonmeersen,
242,GSCHC.1.010a-b (labo microbiologie),gschc1010,GSCHC1010,Labo,-,schoonmeersen/c/1010.png,hansdeboeck,25,Gent,0,0,Campus Schoonmeersen,
243,GSCHC.1.011 (lab alg. en anorg. chemie),gschc1011,GSCHC1011,Labo,-,schoonmeersen/c/1011.png,hansdeboeck,30,Gent,0,0,Campus Schoonmeersen,
244,GSCHC.1.012,gschc1012,GSCHC1012,Leslokaal,-,schoonmeersen/c/1012.png,hansdeboeck,30,Gent,0,0,Campus Schoonmeersen,
245,GSCHC.1.004,gschc1004,GSCHC1004,Leslokaal,-,schoonmeersen/c/1004.png,hansdeboeck,29,Gent,0,0,Campus Schoonmeersen,
246,GSCHC.4.051,gschc4051,GSCHC4051,Leslokaal,-,schoonmeersen/c/4051.png,hansdeboeck,5,Gent,0,0,Campus Schoonmeersen,
247,GSCHC.4.053,gschc4053,GSCHC4053,Leslokaal,-,schoonmeersen/c/4053.png,hansdeboeck,113,Gent,0,0,Campus Schoonmeersen,
248,GSCHC.4.054,gschc4054,GSCHC4054,Leslokaal,-,schoonmeersen/c/4054.png,hansdeboeck,170,Gent,0,0,Campus Schoonmeersen,
249,GSCHC.4.055,gschc4055,GSCHC4055,Leslokaal,-,schoonmeersen/c/4055.png,hansdeboeck,30,Gent,0,0,Campus Schoonmeersen,
250,GSCHC.3.053 (analytische chemie),gschc3053,GSCHC3053,Leslokaal,-,schoonmeersen/c/3053.png,hansdeboeck,30,Gent,0,0,Campus Schoonmeersen,
251,GSCHC.3.010 (microbiologie),gschc3010,GSCHC3010,Labo,-,schoonmeersen/c/3010.png,hansdeboeck,25,Gent,0,0,Campus Schoonmeersen,
252,GSCHC.3.004,gschc3004,GSCHC3004,Leslokaal,-,schoonmeersen/c/3004.png,hansdeboeck,56,Gent,0,0,Campus Schoonmeersen,
253,GSCHC.3.005,gschc3005,GSCHC3005,Leslokaal,-,schoonmeersen/c/3005.png,hansdeboeck,47,Gent,0,0,Campus Schoonmeersen,
254,GSCHC.3.006,gschc3006,GSCHC3006,Leslokaal,-,schoonmeersen/c/3006.png,hansdeboeck,106,Gent,0,0,Campus Schoonmeersen,
255,GSCHC.3.008 (fysicochemie),gschc3008,GSCHC3008,Labo,-,schoonmeersen/c/3008.png,hansdeboeck,25,Gent,0,0,Campus Schoonmeersen,
256,GSCHC.3.051 (graantechnologie),gschc3051,GSCHC3051,Labo,-,schoonmeersen/c/3051.png,hansdeboeck,10,Gent,0,0,Campus Schoonmeersen,
257,GSCHC.0.051,gschc0051,GSCHC0051,Leslokaal,-,schoonmeersen/c/0051.png,hansdeboeck,288,Gent,0,0,Campus Schoonmeersen,
258,GSCHC.0.054,gschc0054,GSCHC0054,Leslokaal,-,schoonmeersen/c/0054.png,hansdeboeck,245,Gent,0,0,Campus Schoonmeersen,
259,GSCHC.0.010 brouwerij,gschc0010,GSCHC0010,Labo,-,schoonmeersen/c/0010.png,hansdeboeck,8,Gent,0,0,Campus Schoonmeersen,
260,GSCHC.0.002,gschc0002,GSCHC0002,Leslokaal,-,schoonmeersen/c/0002.png,hansdeboeck,25,Gent,0,0,Campus Schoonmeersen,
261,GSCHC.0.004,gschc0004,GSCHC0004,Leslokaal,-,schoonmeersen/c/0004.png,hansdeboeck,93,Gent,0,0,Campus Schoonmeersen,
262,GSCHC.0.003,gschc0003,GSCHC0003,Leslokaal,-,schoonmeersen/c/0003.png,hansdeboeck,25,Gent,0,0,Campus Schoonmeersen,
263,GSCHC.4.052,gschc4052,GSCHC4052,Leslokaal,-,schoonmeersen/c/4052.png,hansdeboeck,30,Gent,0,0,Campus Schoonmeersen,
264,nog toe te wijzen lokaal - Aalst,lol1,lol1,,-,-,hansdeboeck,10000,Gent,0,0,Campus Aalst,https://goo.gl/maps/ZGGNrKDoD6S265
265,nog toe te wijzen lokaal - Ledeganck,lol2,lol2,,-,-,hansdeboeck,10000,Gent,0,0,Campus Ledeganck,https://goo.gl/maps/ZGGNrKDoD6S266
266,nog toe te wijzen lokaal - Mercator,lol3,lol3,,-,-,hansdeboeck,10000,Gent,0,0,Campus Mercator,https://goo.gl/maps/ZGGNrKDoD6S267
267,nog toe te wijzen lokaal - Melle,lol4,lol4,,-,-,hansdeboeck,10000,Gent,0,0,Campus Melle,https://goo.gl/maps/ZGGNrKDoD6S268
268,nog toe te wijzen lokaal - Schoonmeersen,lol5,lol5,,-,-,hansdeboeck,10000,Gent,0,0,Campus Schoonmeersen,https://goo.gl/maps/ZGGNrKDoD6S269
269,nog toe te wijzen lokaal - Vesalius,lol6,lol6,,-,-,hansdeboeck,10000,Gent,0,0,Campus Vesalius,https://goo.gl/maps/ZGGNrKDoD6S270
270,GSCHB.0.078 (paviljoen B),gschb0078,GSCHB0078,,-,-,hansdeboeck,100,Gent,0,0,Campus Schoonmeersen,https://goo.gl/maps/ZGGNrKDoD6S271
271,GSCHC.0.005 (Resto C),restoc,restoc,,-,-,hansdeboeck,1,Gent,0,0,Campus Schoonmeersen,https://goo.gl/maps/ZGGNrKDoD6S272
272,GSCHD.0.Resto D,restod,restod,,-,-,hansdeboeck,1,Gent,0,0,Campus Schoonmeersen,https://goo.gl/maps/ZGGNrKDoD6S273
273,GMRCC.0.006 (Pink Room),gmrcc0006,GMRCC0006,,-,-,hansdeboeck,40,Gent,0,0,Campus Mercator,https://goo.gl/maps/ZGGNrKDoD6S274
274,GSCHC.3.007b,gschc3007,GSCHC3007,Leslokaal,-,schoonmeersen/c/3007.png,hansdeboeck,20,Gent,0,0,Campus Schoonmeersen,
275,GSCHC.0.050 labo milieutech (waterz.),gschc0050,GSCHC0050,Labo,-,schoonmeersen/c/0050.png,hansdeboeck,25,Gent,0,0,Campus Schoonmeersen,
276,GSCHC.0.053 (labo industriÃ«le chemie),gschc0053,GSCHC0053,Labo,-,schoonmeersen/c/0053.png,hansdeboeck,25,Gent,0,0,Campus Schoonmeersen,
277,GSCHD.0.DAUD,daud,daud,,-,-,hansdeboeck,334,Gent,0,0,Campus Schoonmeersen,https://goo.gl/maps/ZGGNrKDoD6S278
278,GMELL.2.004,gmell2004,GMELL2004,,-,-,hansdeboeck,60,Melle,0,0,Campus Melle,https://goo.gl/maps/ZGGNrKDoD6S279
279,GMELL.2.005,gmell2005,GMELL2005,,-,-,hansdeboeck,34,Melle,0,0,Campus Melle,https://goo.gl/maps/ZGGNrKDoD6S280
280,GMELL.2.002,gmell2002,GMELL2002,,-,-,hansdeboeck,100,Melle,0,0,Campus Melle,https://goo.gl/maps/ZGGNrKDoD6S281
281,GMELL.1.005,gmell1005,GMELL1005,,-,-,hansdeboeck,40,Melle,0,0,Campus Melle,https://goo.gl/maps/ZGGNrKDoD6S282
282,GMELL.1.008,gmell1008,GMELL1008,,-,-,hansdeboeck,20,Melle,0,0,Campus Melle,https://goo.gl/maps/ZGGNrKDoD6S283
283,GMELL.1.011,gmell1011,GMELL1011,,trapgat naast de inkom tot aan het eerste verdiepen dan tweede deur rechts,-,hansdeboeck,60,Melle,0,0,Campus Melle,https://goo.gl/maps/ZGGNrKDoD6S284
284,GMELL.1.012,gmell1012,GMELL1012,Leslokaal,trapgat naast de inkom tot aan het eerste verdiepen dan deeerstedeur rechts,-,hansdeboeck,60,Melle,0,0,Campus Melle,https://goo.gl/maps/ZGGNrKDoD6S285
285,GMELL.1.006,gmell1006,GMELL1006,,-,-,hansdeboeck,40,Melle,0,0,Campus Melle,https://goo.gl/maps/ZGGNrKDoD6S286
286,GMELL.1.015,gmell1015,GMELL1015,Auditorium,inkomhal de trap het meest rechts en dan rechtgeaarde glazen deuren,-,hansdeboeck,100,Melle,0,0,Campus Melle,https://goo.gl/maps/ZGGNrKDoD6S287
287,GMELL.0.011,gmell0011,GMELL0011,,rechts achteraan in deinkomhal,-,hansdeboeck,142,Melle,0,0,Campus Melle,https://goo.gl/maps/ZGGNrKDoD6S288
288,GMELL.-1.004,gmell1004,GMELL1004,,-,-,hansdeboeck,65,Melle,0,0,Campus Melle,https://goo.gl/maps/ZGGNrKDoD6S289
289,GMELL.-1.006,gmell1006,GMELL1006,,-,-,hansdeboeck,28,Melle,0,0,Campus Melle,https://goo.gl/maps/ZGGNrKDoD6S290
290,GMRCA.0.112 (MAC lokaal),gmrca0112,GMRCA0112,,-,-,hansdeboeck,1,,0,0,Campus Mercator,https://goo.gl/maps/ZGGNrKDoD6S291
291,GMRCG.3.012,gmrcg3012,GMRCG3012,,-,-,hansdeboeck,1,Gent,0,0,Campus Mercator,https://goo.gl/maps/ZGGNrKDoD6S292
292,GSCHC.3.054 (labo zuivel),gschc3054,GSCHC3054,Labo,-,schoonmeersen/c/3054.png,hansdeboeck,25,Gent,0,0,Campus Schoonmeersen,
293,GSCHC.0.011 leraarszaal,gschc0011,GSCHC0011,Personeel,-,schoonmeersen/c/0011.png,hansdeboeck,1,Gent,0,0,Campus Schoonmeersen,
294,GSCHD.1.Vergaderlokaal docenten (A.1.18),gschd0018,GSCHD0018,,-,-,hansdeboeck,1,Gent,0,0,Campus Schoonmeersen,https://goo.gl/maps/ZGGNrKDoD6S295
295,GSCHD.0.013 Lokaal studentenverenigingen (A.0.13),gschd0013,GSCHD0013,,-,-,hansdeboeck,1,Gent,0,0,Campus Schoonmeersen,https://goo.gl/maps/ZGGNrKDoD6S296
296,GSCHC.2.008c,gschc2008,GSCHC2008,Leslokaal,-,schoonmeersen/c/2008.png,hansdeboeck,1,Gent,0,0,Campus Schoonmeersen,
297,GSCHC.2.008d,gschc2008,GSCHC2008,Leslokaal,-,schoonmeersen/c/2008.png,hansdeboeck,1,Gent,0,0,Campus Schoonmeersen,
298,GSCHC.2.1211,gschc21211,GSCHC21211,Leslokaal,-,schoonmeersen/c/21211.png,hansdeboeck,1,Gent,0,0,Campus Schoonmeersen,
299,GSCHC.2.1209,gschc21209,GSCHC21209,Leslokaal,-,schoonmeersen/c/212209.png,hansdeboeck,1,Gent,0,0,Campus Schoonmeersen,
300,GSCHC.2.1209,gschc21209,GSCHC21209,Leslokaal,-,schoonmeersen/c/212209.png,hansdeboeck,1,Gent,0,0,Campus Schoonmeersen,
301,GSCHC.2.1209,gschc21209,GSCHC21209,Leslokaal,-,schoonmeersen/c/212209.png,hansdeboeck,1,Gent,0,0,Campus Schoonmeersen,
302,GSCHC.1.1121,gschc11121,GSCHC11121,Leslokaal,-,schoonmeersen/c/11121.png,hansdeboeck,1,Gent,0,0,Campus Schoonmeersen,
303,GSCHC.1.013b agrifing,gschc1013,GSCHC1013,Labo,-,schoonmeersen/c/1013.png,hansdeboeck,1,Gent,0,0,Campus Schoonmeersen,
304,GSCHC.1.050 (labo milieu),gschc1050,GSCHC1050,Labo,-,schoonmeersen/c/1050.png,hansdeboeck,25,Gent,0,0,Campus Schoonmeersen,
305,GSCHC.1.013 agrifing,gschc1013,GSCHC1013,Labo,-,schoonmeersen/c/1013.png,hansdeboeck,1,Gent,0,0,Campus Schoonmeersen,
306,GSCHC.1.013 agrifing,gschc1013,GSCHC1013,Labo,-,schoonmeersen/c/1013.png,hansdeboeck,1,Gent,0,0,Campus Schoonmeersen,
307,GSCHC.1.013 agrifing,gschc1013,GSCHC1013,Labo,-,schoonmeersen/c/1013.png,hansdeboeck,1,Gent,0,0,Campus Schoonmeersen,
308,GSCHC.4.labo,lol11,lol11,,-,-,hansdeboeck,1,Gent,0,0,Campus Schoonmeersen,https://goo.gl/maps/ZGGNrKDoD6S309
309,GSCHC.4.instrumentenlokaal,lol12,lol12,,-,-,hansdeboeck,1,Gent,0,0,Campus Schoonmeersen,https://goo.gl/maps/ZGGNrKDoD6S310
310,GSCHC.4.labo flow cytometrie,lol13,lol13,,-,-,hansdeboeck,1,Gent,0,0,Campus Schoonmeersen,https://goo.gl/maps/ZGGNrKDoD6S311
311,GSCHC.3.ongedefinieerd,lol14,lol14,,-,-,hansdeboeck,1,Gent,0,0,Campus Schoonmeersen,https://goo.gl/maps/ZGGNrKDoD6S312
312,GSCHC.3.labo,lol15,lol15,,-,-,hansdeboeck,1,Gent,0,0,Campus Schoonmeersen,https://goo.gl/maps/ZGGNrKDoD6S313
313,GSCHC.3.ongedefinieerd,lol16,lol16,,-,-,hansdeboeck,1,Gent,0,0,Campus Schoonmeersen,https://goo.gl/maps/ZGGNrKDoD6S314
314,GSCHC.3.(labo zuivel),lol17,lol17,,-,-,hansdeboeck,1,Gent,0,0,Campus Schoonmeersen,https://goo.gl/maps/ZGGNrKDoD6S315
315,GSCHC.3.011e cto,gschc3011,GSCHC3011,Labo,-,schoonmeersen/c/3011.png,hansdeboeck,1,Gent,0,0,Campus Schoonmeersen,
316,GSCHC.3.009,gschc3009,GSCHC3009,Leslokaal,-,schoonmeersen/c/3009.png,hansdeboeck,25,Gent,0,0,Campus Schoonmeersen,
317,GSCHC.3.052,gschc3052,GSCHC3052,Leslokaal,-,schoonmeersen/c/3052.png,hansdeboeck,1,Gent,0,0,Campus Schoonmeersen,
318,GSCHC.3.koelkamers cto,lol18,lol18,,-,-,hansdeboeck,1,Gent,0,0,Campus Schoonmeersen,https://goo.gl/maps/ZGGNrKDoD6S319
319,GSCHC.3.1317,gschc31317,GSCHC31317,Leslokaal,-,schoonmeersen/c/31317.png,hansdeboeck,1,Gent,0,0,Campus Schoonmeersen,
320,GSCHC.3.ongedefinieerd,lol19,lol19,,-,-,hansdeboeck,1,Gent,0,0,Campus Schoonmeersen,https://goo.gl/maps/ZGGNrKDoD6S321
321,GSCHC.3.labo,lol20,lol20,,-,-,hansdeboeck,1,Gent,0,0,Campus Schoonmeersen,https://goo.gl/maps/ZGGNrKDoD6S322
322,GSCHC.3.ongedefinieerd,lol21,lol21,,-,-,hansdeboeck,1,Gent,0,0,Campus Schoonmeersen,https://goo.gl/maps/ZGGNrKDoD6S323
323,GSCHC.3.1310 cto,gschc31310,GSCHC31310,Labo,-,schoonmeersen/c/31310.png,hansdeboeck,1,Gent,0,0,Campus Schoonmeersen,
324,GSCHC.1.010C (L2 zone labo microbiologie),gschc1010,GSCHC1010,Labo,-,schoonmeersen/c/1010.png,hansdeboeck,25,Gent,0,0,Campus Schoonmeersen,
325,GMRCG.1.011,gmrcg1011,GMRCG1011,,-,-,hansdeboeck,110,Gent,0,0,Campus Mercator,https://goo.gl/maps/ZGGNrKDoD6S326
326,GMRCG.1.010,gmrcg1010,GMRCG1010,,-,-,hansdeboeck,110,Gent,0,0,Campus Mercator,https://goo.gl/maps/ZGGNrKDoD6S327
327,GMRCG.1.020,gmrcg1020,GMRCG1020,,-,-,hansdeboeck,120,Gent,0,0,Campus Mercator,https://goo.gl/maps/ZGGNrKDoD6S328
328,GSCHC.4.050,gschc4050,GSCHC4050,Leslokaal,-,schoonmeersen/c/4050.png,hansdeboeck,106,Gent,0,0,Campus Schoonmeersen,
329,GMRCC.2.047,gmrcc2047,GMRCC2047,,-,-,hansdeboeck,68,Gent,0,0,Campus Mercator,https://goo.gl/maps/ZGGNrKDoD6S330
330,GMRCC.2.051,gmrcc2051,GMRCC2051,,-,-,hansdeboeck,68,Gent,0,0,Campus Mercator,https://goo.gl/maps/ZGGNrKDoD6S331
331,GMRCC.2.048,gmrcc2048,GMRCC2048,,-,-,hansdeboeck,40,Gent,0,0,Campus Mercator,https://goo.gl/maps/ZGGNrKDoD6S332
332,GMRCC.2.052,gmrcc2052,GMRCC2052,,-,-,hansdeboeck,42,Gent,0,0,Campus Mercator,https://goo.gl/maps/ZGGNrKDoD6S333
333,GMRCC.2.046,gmrcc2046,GMRCC2046,,-,-,hansdeboeck,49,Gent,0,0,Campus Mercator,https://goo.gl/maps/ZGGNrKDoD6S334
334,GMRCC.1.016 (crea),gmrcc1016,GMRCC1016,,-,-,hansdeboeck,70,Gent,0,0,Campus Mercator,https://goo.gl/maps/ZGGNrKDoD6S335
335,GMRCC.1.017,gmrcc1017,GMRCC1017,,-,-,hansdeboeck,40,Gent,0,0,Campus Mercator,https://goo.gl/maps/ZGGNrKDoD6S336
336,GMRCC.1.011,gmrcc1011,GMRCC1011,,-,-,hansdeboeck,43,Gent,0,0,Campus Mercator,https://goo.gl/maps/ZGGNrKDoD6S337
337,GMRCC.1.012,gmrcc1012,GMRCC1012,,-,-,hansdeboeck,60,Gent,0,0,Campus Mercator,https://goo.gl/maps/ZGGNrKDoD6S338
338,GMRCC.1.013,gmrcc1013,GMRCC1013,,-,-,hansdeboeck,40,Gent,0,0,Campus Mercator,https://goo.gl/maps/ZGGNrKDoD6S339
339,GSCHB.4.037,gschb4037,GSCHB4037,,-,-,hansdeboeck,20,Gent,0,0,Campus Schoonmeersen,https://goo.gl/maps/ZGGNrKDoD6S340
340,GSCHB.4.015,gschb4015,GSCHB4015,,-,-,hansdeboeck,49,Gent,0,0,Campus Schoonmeersen,https://goo.gl/maps/ZGGNrKDoD6S341
341,GSCHB.4.027,gschb4027,GSCHB4027,,-,-,hansdeboeck,76,Gent,0,0,Campus Schoonmeersen,https://goo.gl/maps/ZGGNrKDoD6S342
342,GSCHB.4.010,gschb4010,GSCHB4010,,-,-,hansdeboeck,30,Gent,0,0,Campus Schoonmeersen,https://goo.gl/maps/ZGGNrKDoD6S343
343,GSCHB.4.012,gschb4012,GSCHB4012,,-,-,hansdeboeck,35,Gent,0,0,Campus Schoonmeersen,https://goo.gl/maps/ZGGNrKDoD6S344
344,GSCHB.4.013,gschb4013,GSCHB4013,,-,-,hansdeboeck,42,Gent,0,0,Campus Schoonmeersen,https://goo.gl/maps/ZGGNrKDoD6S345
345,GSCHB.4.029,gschb4029,GSCHB4029,,-,-,hansdeboeck,25,Gent,0,0,Campus Schoonmeersen,https://goo.gl/maps/ZGGNrKDoD6S346
346,GSCHB.4.036,gschb4036,GSCHB4036,,-,-,hansdeboeck,32,Gent,0,0,Campus Schoonmeersen,https://goo.gl/maps/ZGGNrKDoD6S347
347,GSCHB.4.038,gschb4038,GSCHB4038,,-,-,hansdeboeck,20,Gent,0,0,Campus Schoonmeersen,https://goo.gl/maps/ZGGNrKDoD6S348
348,GSCHB.4.039,gschb4039,GSCHB4039,,-,-,hansdeboeck,76,Gent,0,0,Campus Schoonmeersen,https://goo.gl/maps/ZGGNrKDoD6S349
349,GSCHB.4.042,gschb4042,GSCHB4042,,-,-,hansdeboeck,79,Gent,0,0,Campus Schoonmeersen,https://goo.gl/maps/ZGGNrKDoD6S350
350,GSCHB.4.026 - Labo informatica FBO,gschb4026,GSCHB4026,,-,-,hansdeboeck,37,Gent,0,0,Campus Schoonmeersen,https://goo.gl/maps/ZGGNrKDoD6S351
351,GSCHB.4.017,gschb4017,GSCHB4017,,-,-,hansdeboeck,49,Gent,0,0,Campus Schoonmeersen,https://goo.gl/maps/ZGGNrKDoD6S352
352,GSCHB.4.041,gschb4041,GSCHB4041,,-,-,hansdeboeck,60,Gent,0,0,Campus Schoonmeersen,https://goo.gl/maps/ZGGNrKDoD6S353
353,GSCHB.4.005,gschb4005,GSCHB4005,,-,-,hansdeboeck,56,Gent,0,0,Campus Schoonmeersen,https://goo.gl/maps/ZGGNrKDoD6S354
354,GSCHB.4.016,gschb4016,GSCHB4016,,-,-,hansdeboeck,49,Gent,0,0,Campus Schoonmeersen,https://goo.gl/maps/ZGGNrKDoD6S355
355,GSCHB.4.006,gschb4006,GSCHB4006,,-,-,hansdeboeck,35,Gent,0,0,Campus Schoonmeersen,https://goo.gl/maps/ZGGNrKDoD6S356
356,GSCHB.4.007,gschb4007,GSCHB4007,,-,-,hansdeboeck,20,Gent,0,0,Campus Schoonmeersen,https://goo.gl/maps/ZGGNrKDoD6S357
357,GSCHB.4.014,gschb4014,GSCHB4014,,-,-,hansdeboeck,49,Gent,0,0,Campus Schoonmeersen,https://goo.gl/maps/ZGGNrKDoD6S358
358,GSCHB.4.008,gschb4008,GSCHB4008,,-,-,hansdeboeck,34,Gent,0,0,Campus Schoonmeersen,https://goo.gl/maps/ZGGNrKDoD6S359
359,GSCHB.4.011,gschb4011,GSCHB4011,,-,-,hansdeboeck,35,Gent,0,0,Campus Schoonmeersen,https://goo.gl/maps/ZGGNrKDoD6S360
360,GSCHB.3.032,gschb3032,GSCHB3032,,-,-,hansdeboeck,24,Gent,0,0,Campus Schoonmeersen,https://goo.gl/maps/ZGGNrKDoD6S361
361,GSCHB.3.009 - Taallabo,gschb3009,GSCHB3009,,-,-,hansdeboeck,60,Gent,0,0,Campus Schoonmeersen,https://goo.gl/maps/ZGGNrKDoD6S362
362,GSCHB.3.006,gschb3006,GSCHB3006,,-,-,hansdeboeck,34,Gent,0,0,Campus Schoonmeersen,https://goo.gl/maps/ZGGNrKDoD6S363
363,GSCHB.3.007,gschb3007,GSCHB3007,,-,-,hansdeboeck,34,Gent,0,0,Campus Schoonmeersen,https://goo.gl/maps/ZGGNrKDoD6S364
364,GSCHB.3.008,gschb3008,GSCHB3008,,-,-,hansdeboeck,34,Gent,0,0,Campus Schoonmeersen,https://goo.gl/maps/ZGGNrKDoD6S365
365,GSCHB.3.011,gschb3011,GSCHB3011,,-,-,hansdeboeck,34,Gent,0,0,Campus Schoonmeersen,https://goo.gl/maps/ZGGNrKDoD6S366
366,GSCHB.3.012,gschb3012,GSCHB3012,,-,-,hansdeboeck,28,Gent,0,0,Campus Schoonmeersen,https://goo.gl/maps/ZGGNrKDoD6S367
367,GSCHB.3.013,gschb3013,GSCHB3013,,-,-,hansdeboeck,38,Gent,0,0,Campus Schoonmeersen,https://goo.gl/maps/ZGGNrKDoD6S368
368,GSCHB.3.014,gschb3014,GSCHB3014,,-,-,hansdeboeck,43,Gent,0,0,Campus Schoonmeersen,https://goo.gl/maps/ZGGNrKDoD6S369
369,GSCHB.3.015,gschb3015,GSCHB3015,,-,-,hansdeboeck,44,Gent,0,0,Campus Schoonmeersen,https://goo.gl/maps/ZGGNrKDoD6S370
370,GSCHB.3.019,gschb3019,GSCHB3019,,-,-,hansdeboeck,102,Gent,0,0,Campus Schoonmeersen,https://goo.gl/maps/ZGGNrKDoD6S371
371,GSCHB.3.026,gschb3026,GSCHB3026,,-,-,hansdeboeck,35,Gent,0,0,Campus Schoonmeersen,https://goo.gl/maps/ZGGNrKDoD6S372
372,GSCHB.3.027,gschb3027,GSCHB3027,,-,-,hansdeboeck,27,Gent,0,0,Campus Schoonmeersen,https://goo.gl/maps/ZGGNrKDoD6S373
373,GSCHB.3.028,gschb3028,GSCHB3028,,-,-,hansdeboeck,23,Gent,0,0,Campus Schoonmeersen,https://goo.gl/maps/ZGGNrKDoD6S374
374,GSCHB.3.029,gschb3029,GSCHB3029,,-,-,hansdeboeck,28,Gent,0,0,Campus Schoonmeersen,https://goo.gl/maps/ZGGNrKDoD6S375
375,GSCHB.3.030,gschb3030,GSCHB3030,,-,-,hansdeboeck,20,Gent,0,0,Campus Schoonmeersen,https://goo.gl/maps/ZGGNrKDoD6S376
376,GSCHB.3.035,gschb3035,GSCHB3035,,-,-,hansdeboeck,28,Gent,0,0,Campus Schoonmeersen,https://goo.gl/maps/ZGGNrKDoD6S377
377,GSCHB.3.036,gschb3036,GSCHB3036,,-,-,hansdeboeck,66,Gent,0,0,Campus Schoonmeersen,https://goo.gl/maps/ZGGNrKDoD6S378
378,GSCHB.3.037,gschb3037,GSCHB3037,,-,-,hansdeboeck,38,Gent,0,0,Campus Schoonmeersen,https://goo.gl/maps/ZGGNrKDoD6S379
379,GSCHB.3.038,gschb3038,GSCHB3038,,-,-,hansdeboeck,34,Gent,0,0,Campus Schoonmeersen,https://goo.gl/maps/ZGGNrKDoD6S380
380,GSCHB.3.039,gschb3039,GSCHB3039,,-,-,hansdeboeck,61,Gent,0,0,Campus Schoonmeersen,https://goo.gl/maps/ZGGNrKDoD6S381
381,GSCHB.3.033,gschb3033,GSCHB3033,,-,-,hansdeboeck,32,Gent,0,0,Campus Schoonmeersen,https://goo.gl/maps/ZGGNrKDoD6S382
382,GSCHB.2.005,gschb2005,GSCHB2005,,-,-,hansdeboeck,75,Gent,0,0,Campus Schoonmeersen,https://goo.gl/maps/ZGGNrKDoD6S383
383,GSCHB.2.006,gschb2006,GSCHB2006,,-,-,hansdeboeck,35,Gent,0,0,Campus Schoonmeersen,https://goo.gl/maps/ZGGNrKDoD6S384
384,GSCHB.2.007,gschb2007,GSCHB2007,,-,-,hansdeboeck,34,Gent,0,0,Campus Schoonmeersen,https://goo.gl/maps/ZGGNrKDoD6S385
385,GSCHB.2.008,gschb2008,GSCHB2008,,-,-,hansdeboeck,41,Gent,0,0,Campus Schoonmeersen,https://goo.gl/maps/ZGGNrKDoD6S386
386,GSCHB.2.010,gschb2010,GSCHB2010,,-,-,hansdeboeck,30,Gent,0,0,Campus Schoonmeersen,https://goo.gl/maps/ZGGNrKDoD6S387
387,GSCHB.2.009,gschb2009,GSCHB2009,,-,-,hansdeboeck,30,Gent,0,0,Campus Schoonmeersen,https://goo.gl/maps/ZGGNrKDoD6S388
388,GSCHB.2.011,gschb2011,GSCHB2011,,-,-,hansdeboeck,30,Gent,0,0,Campus Schoonmeersen,https://goo.gl/maps/ZGGNrKDoD6S389
389,GSCHB.2.012,gschb2012,GSCHB2012,,-,-,hansdeboeck,49,Gent,0,0,Campus Schoonmeersen,https://goo.gl/maps/ZGGNrKDoD6S390
390,GSCHB.2.013,gschb2013,GSCHB2013,,-,-,hansdeboeck,49,Gent,0,0,Campus Schoonmeersen,https://goo.gl/maps/ZGGNrKDoD6S391
391,GSCHB.2.014,gschb2014,GSCHB2014,,-,-,hansdeboeck,49,Gent,0,0,Campus Schoonmeersen,https://goo.gl/maps/ZGGNrKDoD6S392
392,GSCHB.2.015,gschb2015,GSCHB2015,,-,-,hansdeboeck,101,Gent,0,0,Campus Schoonmeersen,https://goo.gl/maps/ZGGNrKDoD6S393
393,GSCHB.2.018,gschb2018,GSCHB2018,,-,-,hansdeboeck,107,Gent,0,0,Campus Schoonmeersen,https://goo.gl/maps/ZGGNrKDoD6S394
394,GSCHB.2.027,gschb2027,GSCHB2027,,-,-,hansdeboeck,24,Gent,0,0,Campus Schoonmeersen,https://goo.gl/maps/ZGGNrKDoD6S395
395,GSCHB.2.030,gschb2030,GSCHB2030,,-,-,hansdeboeck,25,Gent,0,0,Campus Schoonmeersen,https://goo.gl/maps/ZGGNrKDoD6S396
396,GSCHB.2.031,gschb2031,GSCHB2031,,-,-,hansdeboeck,25,Gent,0,0,Campus Schoonmeersen,https://goo.gl/maps/ZGGNrKDoD6S397
397,GSCHB.2.033,gschb2033,GSCHB2033,,-,-,hansdeboeck,25,Gent,0,0,Campus Schoonmeersen,https://goo.gl/maps/ZGGNrKDoD6S398
398,GSCHB.2.035,gschb2035,GSCHB2035,,-,-,hansdeboeck,33,Gent,0,0,Campus Schoonmeersen,https://goo.gl/maps/ZGGNrKDoD6S399
399,GSCHB.2.039,gschb2039,GSCHB2039,,-,-,hansdeboeck,30,Gent,0,0,Campus Schoonmeersen,https://goo.gl/maps/ZGGNrKDoD6S400
400,GSCHB.1.011,gschb1011,GSCHB1011,,-,-,hansdeboeck,30,Gent,0,0,Campus Schoonmeersen,https://goo.gl/maps/ZGGNrKDoD6S401
401,GSCHB.1.008,gschb1008,GSCHB1008,,-,-,hansdeboeck,20,Gent,0,0,Campus Schoonmeersen,https://goo.gl/maps/ZGGNrKDoD6S402
402,GSCHB.1.007 - Taallabo,gschb1007,GSCHB1007,,-,-,hansdeboeck,24,Gent,0,0,Campus Schoonmeersen,https://goo.gl/maps/ZGGNrKDoD6S403
403,GSCHB.1.006 - Taallabo,gschb1006,GSCHB1006,,-,-,hansdeboeck,24,Gent,0,0,Campus Schoonmeersen,https://goo.gl/maps/ZGGNrKDoD6S404
404,GSCHB.1.017,gschb1017,GSCHB1017,,-,-,hansdeboeck,106,Gent,0,0,Campus Schoonmeersen,https://goo.gl/maps/ZGGNrKDoD6S405
405,GSCHB.1.015,gschb1015,GSCHB1015,,-,-,hansdeboeck,101,Gent,0,0,Campus Schoonmeersen,https://goo.gl/maps/ZGGNrKDoD6S406
406,GSCHB.1.014,gschb1014,GSCHB1014,,-,-,hansdeboeck,44,Gent,0,0,Campus Schoonmeersen,https://goo.gl/maps/ZGGNrKDoD6S407
407,GSCHB.1.013,gschb1013,GSCHB1013,,-,-,hansdeboeck,44,Gent,0,0,Campus Schoonmeersen,https://goo.gl/maps/ZGGNrKDoD6S408
408,GSCHB.1.012,gschb1012,GSCHB1012,,-,-,hansdeboeck,45,Gent,0,0,Campus Schoonmeersen,https://goo.gl/maps/ZGGNrKDoD6S409
409,GSCHB.1.038,gschb1038,GSCHB1038,,-,-,hansdeboeck,25,Gent,0,0,Campus Schoonmeersen,https://goo.gl/maps/ZGGNrKDoD6S410
410,GSCHB.1.034,gschb1034,GSCHB1034,,-,-,hansdeboeck,107,Gent,0,0,Campus Schoonmeersen,https://goo.gl/maps/ZGGNrKDoD6S411
411,GSCHB.1.032,gschb1032,GSCHB1032,,-,-,hansdeboeck,153,Gent,0,0,Campus Schoonmeersen,https://goo.gl/maps/ZGGNrKDoD6S412
412,GSCHB.1.031,gschb1031,GSCHB1031,,-,-,hansdeboeck,25,Gent,0,0,Campus Schoonmeersen,https://goo.gl/maps/ZGGNrKDoD6S413
413,GSCHB.1.030,gschb1030,GSCHB1030,,-,-,hansdeboeck,35,Gent,0,0,Campus Schoonmeersen,https://goo.gl/maps/ZGGNrKDoD6S414
414,GSCHB.1.026,gschb1026,GSCHB1026,,-,-,hansdeboeck,24,Gent,0,0,Campus Schoonmeersen,https://goo.gl/maps/ZGGNrKDoD6S415
415,GSCHB.1.029,gschb1029,GSCHB1029,,-,-,hansdeboeck,24,Gent,0,0,Campus Schoonmeersen,https://goo.gl/maps/ZGGNrKDoD6S416
416,GSCHB.1.037,gschb1037,GSCHB1037,,-,-,hansdeboeck,32,Gent,0,0,Campus Schoonmeersen,https://goo.gl/maps/ZGGNrKDoD6S417
417,GSCHB.1.036,gschb1036,GSCHB1036,,-,-,hansdeboeck,32,Gent,0,0,Campus Schoonmeersen,https://goo.gl/maps/ZGGNrKDoD6S418
418,GSCHB.0.076,gschb0076,GSCHB0076,,-,-,hansdeboeck,40,Gent,0,0,Campus Schoonmeersen,https://goo.gl/maps/ZGGNrKDoD6S419
419,GSCHB.0.064,gschb0064,GSCHB0064,,-,-,hansdeboeck,104,Gent,0,0,Campus Schoonmeersen,https://goo.gl/maps/ZGGNrKDoD6S420
420,GSCHB.0.054,gschb0054,GSCHB0054,,-,-,hansdeboeck,1,Gent,0,0,Campus Schoonmeersen,https://goo.gl/maps/ZGGNrKDoD6S421
421,GSCHB.0.010 (BCON),gschb0010,GSCHB0010,,-,-,hansdeboeck,360,Gent,0,0,Campus Schoonmeersen,https://goo.gl/maps/ZGGNrKDoD6S422
422,GSCHB.0.002 (Foyer),gschb0002,GSCHB0002,,-,-,hansdeboeck,250,Gent,0,0,Campus Schoonmeersen,https://goo.gl/maps/ZGGNrKDoD6S423
423,GSCHB.0.077 (studentenplein),gschb0077,GSCHB0077,,-,-,hansdeboeck,1,Gent,0,0,Campus Schoonmeersen,https://goo.gl/maps/ZGGNrKDoD6S424
424,GSCHB.0.063,gschb0063,GSCHB0063,,-,-,hansdeboeck,1,Gent,0,0,Campus Schoonmeersen,https://goo.gl/maps/ZGGNrKDoD6S425
425,GSCHC.3.055,gschc3055,GSCHC3055,Leslokaal,-,schoonmeersen/c/3055.png,hansdeboeck,30,Gent,0,0,Campus Schoonmeersen,
426,GVESA.1.171,gvesa1171,GVESA1171,,-,-,hansdeboeck,20,Gent,0,0,Campus Vesalius,https://goo.gl/maps/ZGGNrKDoD6S427
427,GVESA.1.103,gvesa1103,GVESA1103,,-,-,hansdeboeck,55,Gent,0,0,Campus Vesalius,https://goo.gl/maps/ZGGNrKDoD6S428
428,GVESA.1.015 - balkon auditorium,gvesa1015,GVESA1015,,-,-,hansdeboeck,80,Gent,0,0,Campus Vesalius,https://goo.gl/maps/ZGGNrKDoD6S429
429,GVESA.1.178 - praktijklokaal logopedie,gvesa1178,GVESA1178,,-,-,hansdeboeck,15,Gent,0,0,Campus Vesalius,https://goo.gl/maps/ZGGNrKDoD6S430
430,GVESA.1.157 (techniekklas verpleegkunde 5),gvesa1157,GVESA1157,,-,-,hansdeboeck,20,Gent,0,0,Campus Vesalius,https://goo.gl/maps/ZGGNrKDoD6S431
431,GVESA.1.190 (techniekklas verpleegkunde 3),gvesa1190,GVESA1190,,-,-,hansdeboeck,24,Gent,0,0,Campus Vesalius,https://goo.gl/maps/ZGGNrKDoD6S432
432,GVESA.1.191 (techniekklas verpleegkunde 1),gvesa1191,GVESA1191,,-,-,hansdeboeck,24,Gent,0,0,Campus Vesalius,https://goo.gl/maps/ZGGNrKDoD6S433
433,GVESA.1.192 (techniekklas verpleegkunde 2),gvesa1192,GVESA1192,,-,-,hansdeboeck,24,Gent,0,0,Campus Vesalius,https://goo.gl/maps/ZGGNrKDoD6S434
434,GVESA.1.193 (techniekkl verpleegkunde 4),gvesa1193,GVESA1193,,-,-,hansdeboeck,20,Gent,0,0,Campus Vesalius,https://goo.gl/maps/ZGGNrKDoD6S435
435,GVESA.1.177 (audiologie+practijk audio),gvesa1177,GVESA1177,,-,-,hansdeboeck,25,Gent,0,0,Campus Vesalius,https://goo.gl/maps/ZGGNrKDoD6S436
436,GVESA.1.174 (techniekklas verpleegkunde 7),gvesa1174,GVESA1174,,-,-,hansdeboeck,20,Gent,0,0,Campus Vesalius,https://goo.gl/maps/ZGGNrKDoD6S437
437,GVESA.1.173 (techniekklas verpleegkunde 8),gvesa1173,GVESA1173,,-,-,hansdeboeck,20,Gent,0,0,Campus Vesalius,https://goo.gl/maps/ZGGNrKDoD6S438
438,GVESA.1.170 (klein auditorium),gvesa1170,GVESA1170,,-,-,hansdeboeck,78,Gent,0,0,Campus Vesalius,https://goo.gl/maps/ZGGNrKDoD6S439
439,GVESA.1.133,gvesa1133,GVESA1133,,-,-,hansdeboeck,35,Gent,0,0,Campus Vesalius,https://goo.gl/maps/ZGGNrKDoD6S440
440,GVESA.1.132,gvesa1132,GVESA1132,,-,-,hansdeboeck,40,Gent,0,0,Campus Vesalius,https://goo.gl/maps/ZGGNrKDoD6S441
441,GVESA.1.131,gvesa1131,GVESA1131,,-,-,hansdeboeck,48,Gent,0,0,Campus Vesalius,https://goo.gl/maps/ZGGNrKDoD6S442
442,GVESA.1.141,gvesa1141,GVESA1141,,-,-,hansdeboeck,55,Gent,0,0,Campus Vesalius,https://goo.gl/maps/ZGGNrKDoD6S443
443,GVESA.1.116,gvesa1116,GVESA1116,,-,-,hansdeboeck,30,Gent,0,0,Campus Vesalius,https://goo.gl/maps/ZGGNrKDoD6S444
444,GVESA.1.115,gvesa1115,GVESA1115,,-,-,hansdeboeck,30,Gent,0,0,Campus Vesalius,https://goo.gl/maps/ZGGNrKDoD6S445
445,GVESA.0.109 (techniekklas ergo 3),gvesa0109,GVESA0109,,-,-,hansdeboeck,16,Gent,0,0,Campus Vesalius,https://goo.gl/maps/ZGGNrKDoD6S446
446,GVESA.0.190 (didactische keuken 1),gvesa0190,GVESA0190,,-,-,hansdeboeck,18,Gent,0,0,Campus Vesalius,https://goo.gl/maps/ZGGNrKDoD6S447
447,GVESA.0.185 - Labo Chemie,gvesa0185,GVESA0185,,-,-,hansdeboeck,101,Gent,0,0,Campus Vesalius,https://goo.gl/maps/ZGGNrKDoD6S448
448,GVESA.0.024 (groot auditorium),gvesa0024,GVESA0024,,-,-,hansdeboeck,458,Gent,0,0,Campus Vesalius,https://goo.gl/maps/ZGGNrKDoD6S449
449,GVESA.0.131,gvesa0131,GVESA0131,,-,-,hansdeboeck,70,Gent,0,0,Campus Vesalius,https://goo.gl/maps/ZGGNrKDoD6S450
450,GVESA.0.033 - ontmoetingsruimte,gvesa0033,GVESA0033,,-,-,hansdeboeck,1,Gent,0,0,Campus Vesalius,https://goo.gl/maps/ZGGNrKDoD6S451
451,GVESA.0.132,gvesa0132,GVESA0132,,-,-,hansdeboeck,72,Gent,0,0,Campus Vesalius,https://goo.gl/maps/ZGGNrKDoD6S452
452,GVESA.0.135 (pc-lokaal),gvesa0135,GVESA0135,,-,-,hansdeboeck,25,Gent,0,0,Campus Vesalius,https://goo.gl/maps/ZGGNrKDoD6S453
453,GVESA.0.134,gvesa0134,GVESA0134,,-,-,hansdeboeck,72,Gent,0,0,Campus Vesalius,https://goo.gl/maps/ZGGNrKDoD6S454
454,GVESA.0.193 (didactische keuken 2),gvesa0193,GVESA0193,,-,-,hansdeboeck,18,Gent,0,0,Campus Vesalius,https://goo.gl/maps/ZGGNrKDoD6S455
455,GVESA.0.181 (labo scheikunde 1),gvesa0181,GVESA0181,,-,-,hansdeboeck,18,Gent,0,0,Campus Vesalius,https://goo.gl/maps/ZGGNrKDoD6S456
456,GVESA.0.177 (labo natuurkunde/scheikunde),gvesa0177,GVESA0177,,-,-,hansdeboeck,18,Gent,0,0,Campus Vesalius,https://goo.gl/maps/ZGGNrKDoD6S457
457,GVESA.0.172 (celkweek),gvesa0172,GVESA0172,,-,-,hansdeboeck,18,Gent,0,0,Campus Vesalius,https://goo.gl/maps/ZGGNrKDoD6S458
458,GVESA.0.170 (labo biologie),gvesa0170,GVESA0170,,-,-,hansdeboeck,16,Gent,0,0,Campus Vesalius,https://goo.gl/maps/ZGGNrKDoD6S459
459,GVESA.0.166 (labo microbiologie),gvesa0166,GVESA0166,,-,-,hansdeboeck,18,Gent,0,0,Campus Vesalius,https://goo.gl/maps/ZGGNrKDoD6S460
460,GVESA.0.133,gvesa0133,GVESA0133,,-,-,hansdeboeck,70,Gent,0,0,Campus Vesalius,https://goo.gl/maps/ZGGNrKDoD6S461
461,GVESA.0.136,gvesa0136,GVESA0136,,-,-,hansdeboeck,18,Gent,0,0,Campus Vesalius,https://goo.gl/maps/ZGGNrKDoD6S462
462,GVESA.0.126 (techniekklas ergo 6),gvesa0126,GVESA0126,,-,-,hansdeboeck,15,Gent,0,0,Campus Vesalius,https://goo.gl/maps/ZGGNrKDoD6S463
463,GVESA.0.108 (techniekklas ergo 5),gvesa0108,GVESA0108,,-,-,hansdeboeck,15,Gent,0,0,Campus Vesalius,https://goo.gl/maps/ZGGNrKDoD6S464
464,GVESA.0.125 (techniekklas ergo 4),gvesa0125,GVESA0125,,-,-,hansdeboeck,55,Gent,0,0,Campus Vesalius,https://goo.gl/maps/ZGGNrKDoD6S465
465,GVESA.0.116 (techniekklas ergo 1),gvesa0116,GVESA0116,,-,-,hansdeboeck,18,Gent,0,0,Campus Vesalius,https://goo.gl/maps/ZGGNrKDoD6S466
466,GVESA.0.117 (techniekklas ergo 2),gvesa0117,GVESA0117,,-,-,hansdeboeck,12,Gent,0,0,Campus Vesalius,https://goo.gl/maps/ZGGNrKDoD6S467
467,GVESA.0.010 - Foyer centraal,gvesa0010,GVESA0010,,-,-,hansdeboeck,49,Gent,0,0,Campus Vesalius,https://goo.gl/maps/ZGGNrKDoD6S468
468,GVESA.0.014 - auditorium centraal,gvesa0014,GVESA0014,,-,-,hansdeboeck,150,Gent,0,0,Campus Vesalius,https://goo.gl/maps/ZGGNrKDoD6S469
469,GVESA.0.120 - Auditorium zuid,gvesa0120,GVESA0120,,-,-,hansdeboeck,150,Gent,0,0,Campus Vesalius,https://goo.gl/maps/ZGGNrKDoD6S470
470,GBFTI.1.050 - machineruimte verftoestellen,gbfti1050,GBFTI1050,,-,-,hansdeboeck,20,Gent,0,0,Site Buchtenstraat,https://goo.gl/maps/ZGGNrKDoD6S471
471,GBFTI.1.051 - machineruimte verftoestellen,gbfti1051,GBFTI1051,,-,-,hansdeboeck,20,Gent,0,0,Site Buchtenstraat,https://goo.gl/maps/ZGGNrKDoD6S472
472,GBFTI.1.053 - chemisch labo,gbfti1053,GBFTI1053,,-,-,hansdeboeck,20,Gent,0,0,Site Buchtenstraat,https://goo.gl/maps/ZGGNrKDoD6S473
473,GBFTI.1.054 - fysisch labo,gbfti1054,GBFTI1054,,-,-,hansdeboeck,20,Gent,0,0,Site Buchtenstraat,https://goo.gl/maps/ZGGNrKDoD6S474
474,GBFTI.0.005 - patroonklas,gbfti0005,GBFTI0005,,-,-,hansdeboeck,20,Gent,0,0,Site Buchtenstraat,https://goo.gl/maps/ZGGNrKDoD6S475
475,GBFTI.0.050 - Loods 5 digitale opmeting,gbfti0050,GBFTI0050,,-,-,hansdeboeck,20,Gent,0,0,Site Buchtenstraat,https://goo.gl/maps/ZGGNrKDoD6S476
476,GBFTI.0.057 - Productieruimte confectie,gbfti0057,GBFTI0057,,-,-,hansdeboeck,20,Gent,0,0,Site Buchtenstraat,https://goo.gl/maps/ZGGNrKDoD6S477
477,GBFTI.0.060 - weverij,gbfti0060,GBFTI0060,,-,-,hansdeboeck,20,Gent,0,0,Site Buchtenstraat,https://goo.gl/maps/ZGGNrKDoD6S478
478,GVESA.1.158 (techniekklas verpleegkunde 6),gvesa1158,GVESA1158,,-,-,hansdeboeck,20,Gent,0,0,Campus Vesalius,https://goo.gl/maps/ZGGNrKDoD6S479
479,GBFTI.0.062,gbfti0062,GBFTI0062,,-,-,hansdeboeck,20,Gent,0,0,Site Buchtenstraat,https://goo.gl/maps/ZGGNrKDoD6S480
480,GVESA.0.021 - PC-lokaal,gvesa0021,GVESA0021,,-,-,hansdeboeck,20,Gent,0,0,Campus Vesalius,https://goo.gl/maps/ZGGNrKDoD6S481
481,GMRCG.0.015,gmrcg0015,GMRCG0015,,-,-,hansdeboeck,49,Gent,0,0,Campus Mercator,https://goo.gl/maps/ZGGNrKDoD6S482
482,GDWIJ.3.002 - Restaurant De Wijnaert,gdwij3002,GDWIJ3002,,-,-,hansdeboeck,1,Gent,0,0,Site Geraard de Duivelstraat,https://goo.gl/maps/ZGGNrKDoD6S483
483,GDWIJ.0.001 - Foyer Wijnaert,gdwij0001,GDWIJ0001,,-,-,hansdeboeck,1,Gent,0,0,Site Geraard de Duivelstraat,https://goo.gl/maps/ZGGNrKDoD6S484
484,GSCHP.0.002 Inkomhall P,gschp0002,GSCHP0002,,-,-,hansdeboeck,1,Gent,0,0,Campus Schoonmeersen,https://goo.gl/maps/ZGGNrKDoD6S485
485,GMRCG.-1.014 - Middenplein,gmrcg1014,GMRCG1014,,-,-,hansdeboeck,1,Gent,0,0,Campus Mercator,https://goo.gl/maps/ZGGNrKDoD6S486
486,GSCHC.1.receptieve ruimte PVZ,pvzc,pvzc,,-,-,hansdeboeck,1,Gent,0,0,Campus Schoonmeersen,https://goo.gl/maps/ZGGNrKDoD6S487
487,GSCHC.0.040 Ruimte voor Auditorium 054,gschc0040,GSCHC0040,Auditorium,-,schoonmeersen/c/0040.png,hansdeboeck,1,Gent,0,0,Campus Schoonmeersen,
488,GSCHC.0.093 - Ruimte voor auditorium 051,gschc0093,GSCHC0093,Auditorium,-,schoonmeersen/c/0093.png,hansdeboeck,1,Gent,0,0,Campus Schoonmeersen,
489,GSCHP.1.265 Practicum,gschp1265,GSCHP1265,,-,-,hansdeboeck,1,Gent,0,0,Campus Schoonmeersen,https://goo.gl/maps/ZGGNrKDoD6S490
490,GVESA.0.051 - studentenrefter,gvesa0051,GVESA0051,,-,-,hansdeboeck,1,Gent,0,0,Campus Vesalius,https://goo.gl/maps/ZGGNrKDoD6S491
491,GSCHB.0.040 (Resto B-vroeger 0.038),gschb0040,GSCHB0040,,-,-,hansdeboeck,1,Gent,0,0,Campus Schoonmeersen,https://goo.gl/maps/ZGGNrKDoD6S492
492,GSCHB.0.036 (hal aan toiletten),gschb0036,GSCHB0036,,-,-,hansdeboeck,1,Gent,0,0,Campus Schoonmeersen,https://goo.gl/maps/ZGGNrKDoD6S493
493,GMRCG.0.050 - Middenplein,gmrcg0050,GMRCG0050,,-,-,hansdeboeck,1,Gent,0,0,Campus Mercator,https://goo.gl/maps/ZGGNrKDoD6S494
494,GMRCG.1.026,gmrcg1026,GMRCG1026,,-,-,hansdeboeck,1,Gent,0,0,Campus Mercator,https://goo.gl/maps/ZGGNrKDoD6S495
495,GMRCG.1.024,gmrcg1024,GMRCG1024,,-,-,hansdeboeck,1,Gent,0,0,Campus Mercator,https://goo.gl/maps/ZGGNrKDoD6S496
496,GMRCG.1.027,gmrcg1027,GMRCG1027,,-,-,hansdeboeck,1,Gent,0,0,Campus Mercator,https://goo.gl/maps/ZGGNrKDoD6S497
497,GMRCG.0.018,gmrcg0018,GMRCG0018,,-,-,hansdeboeck,1,Gent,0,0,Campus Mercator,https://goo.gl/maps/ZGGNrKDoD6S498
498,GSCHC.2.064,gschc2064,GSCHC2064,Leslokaal,-,schoonmeersen/c/2064.png,hansdeboeck,1,Gent,0,0,Campus Schoonmeersen,
499,GSCHP.0.119,gschp0119,GSCHP0119,,-,-,hansdeboeck,1,Gent,0,0,Campus Schoonmeersen,https://goo.gl/maps/ZGGNrKDoD6S500
,,gmell0012,,,ehbo recht s achteraan inkomhal,,,,,,,,
,,gmell1014,,Bureau,inkomhal de trap rechts dan rechtsdeglazeb deuren,,,,,,,,
,,gmell007,,bib,inkom hal de deur rechts en eerste deurrechts,,,,,,,,
,,gmell1004,,secter,inkomhal de deur rechts en eerstedeurlinks,,,,,,,,
,,glede003,,leslokaal,grote deur dan links en eerste deur l8nks,,,,,,,,
,,glede0050,,labk,grote deur dan links en 2 deur l,,,,,,,,
,,traphal,,,grote deur dan links en 3 eur l,,,,,,,,
,,.ift,,,grote deur dan links en 4deur l,,,,,,,,
,,glede007,,bureau,grote deur dan links en 5 deur l,,,,,,,,
,,glede008,,leslokaal,grote deur dan links en 6 l,,,,,,,,
,,glede009,,sport,# 7l,,,,,,,,
,,glede0023,,les,#9l,,,,,,,,
,,glede026,,les,v8a de ingang lectoren parking 2l,,,,,,,,
,,glexe027,,personeel,#3l,,,,,,,,
,,glede0028,,les,#4l,,,,,,,,
,,glede0029,,personeel,#5l,,,,,,,,
,,glede0030,,les,#6l,,,,,,,,
,,glede0031,,personeel,#7l,,,,,,,,
,,glede0032,cafetaria,resto,#8l,,,,,,,,
,,,,,,,,,,,,,
,,traphal,,Leslokaal,hal doorlopen tot het einde en dan door een dubbele deur en dan aan de linkerkant,,,,,,,,
,,glede036,,,,,,,,,,,
,,,,,,,,,,,,,
,,,,,,,,,,,,,
,,#traphal,,,,,,,,,,,
,,glede0043,,les,#15l,,,,,,,,
,,glede042,,les,door 0043 en danlinks,,,,,,,,
,,glede044,,personeel,# maar rechtdoor,,,,,,,,
,,glede056,,Leslokaal,# maar links,,,,,,,,
,,glede0046,,,##16l,,,,,,,,
,,glede0046,,,door vorig lokaal  en links 0047,,,,,,,,
,,glede0049,,,door vorig lokaal en rechts,,,,,,,,
,,glede0048,,,# rechtdoor,,,,,,,,
,,goede 047,,,##1â¬7l,,,,,,,,
,,glede0050,olc,,#18l,,,,,,,,
,,glede0061,studentenaangeleg6,,#19l,,,,,,,,
,,lift,,,,,,,,,,,
,,glede0062,,,#20l burea,,,,,,,,
,,glede0064,ehbo,,#21l,,,,,,,,
,,glede066,onthaall,,rechts grote deur,,,,,,,,
,,,,,,,,,,,,,
,,,,,,,,,,,,,
,,gmell00t,,Bureau,inkomhal de deur rechts en tweede deurlinks,,,,,,,,
,,gmell006 decaan,,Bureau,inkomhal de deur rechts en derde deurlinks ,,,,,,,,
,,gmell1008,,,trapgat naast de inkom tot aan het eerste verdiepen en dan de gang links en de 2de deur rechts,,,,,,,,
,,gmell 1003,,,trapgat naast de inkom tot aan het eerste verdiepen en dan de gang links en de 2de deur links,,,,,,,,
,,gmell1004,,,trapgat naast de inkom tot aan het eerste verdiepen en dan de gang links en de 3de deur links,,,,,,,,
,,gmell1006,,,trapgat naast de inkom tot aan het eerste verdiepen en dan de gang links en de 4de deur rechts,,,,,,,,
,,gmell1005,,,trapgat naast de inkom tot aan het eerste verdiepen en dan de gang links en de 4de deur links,,,,,,,,
,,gmell2005,,,trapgat naast de inkom tot aan het eere verdiepen en dan de gang links en de 2de deur rechts,,,,,,,,
,,gmell2005,,Leslokaal,tramhalte naast dein komhal naar de tweede verdieping en dan eerste deur rechst,,,,,,,,
,,gmell2004,,Leslokaal,tramhalte naast dein komhal naar de tweede verdieping en dan tweede deur rechst,,,,,,,,
,,,,,,,,,,,,,
,,,,,,,,,,,,,
,,,,,,,,,,,,,
,,,,,,,,,,,,,
,,gmell2002,,Leslokaal,tramhalte naast dein komhal naar de tweede verdieping en dan eerste deur links,,,,,,,,
,,gmell-1004,,Leslokaal,traphal naar -1 dan richting een lange hal en dan de eerste deur links,,,,,,,,
,,gmell-1008,,Personeel,traphal naar -1 dan richting een lange hal en dan de eerste deur rechts,,,,,,,,
,,gmell-1007,,,traphal naar -1 dan richting een lange hal en dan de tweede deur rechts,,,,,,,,
,,gmell-1006,,,traphal naar -1 dan richting een lange hal en dan de derde deur rechts,,,,,,,,
,,gmell-1005,,,traphal naar -1 dan richting een lange hal en dan de derde deur linke,,,,,,,,